ride_id,rideable_type,started_at,ended_at,member_casual,ride_length,Day Name,Month Name
7569BC890583FCD7,classic_bike,21-01-2025 17:23,21-01-2025 17:37,member,13.95795,Tuesday,January
013609308856B7FC,electric_bike,11-01-2025 15:44,11-01-2025 15:49,member,5.0724,Saturday,January
EACACD3CE0607C0D,classic_bike,02-01-2025 15:16,02-01-2025 15:28,member,11.59166667,Thursday,January
EAA2485BA64710D3,classic_bike,23-01-2025 08:49,23-01-2025 08:52,member,3.57055,Thursday,January
7F8BE2471C7F746B,electric_bike,16-01-2025 08:38,16-01-2025 08:41,member,2.573816667,Thursday,January
0B8DD16A9B77A1C7,electric_bike,02-01-2025 16:09,02-01-2025 16:10,member,1.815983333,Thursday,January
65DD88D2EA5AA24A,electric_bike,19-01-2025 01:12,19-01-2025 01:15,member,3.908383333,Sunday,January
EAC4EE361C030130,electric_bike,24-01-2025 06:43,24-01-2025 07:01,member,18.16598333,Friday,January
46267A54446162B5,electric_bike,06-01-2025 08:45,06-01-2025 08:50,member,4.928616667,Monday,January
B5D4F9782121EA51,electric_bike,01-01-2025 16:56,01-01-2025 17:03,member,6.828016667,Wednesday,January
3C1E48C025E88653,classic_bike,31-12-2024 23:52,01-01-2025 00:23,member,31.29983333,Tuesday,December
B157E60BBF2BA5F6,electric_bike,04-01-2025 17:23,04-01-2025 17:30,member,6.9987,Saturday,January
81AE62C30F86C0D2,classic_bike,24-01-2025 18:11,24-01-2025 18:17,member,5.570033333,Friday,January
4978AFB4F96F17A6,classic_bike,01-01-2025 12:20,01-01-2025 12:28,member,8.101533333,Wednesday,January
1DCC4C0315A3B282,classic_bike,06-01-2025 13:52,06-01-2025 13:54,member,1.810533333,Monday,January
5B29C4C95B5320DA,electric_bike,10-01-2025 06:06,10-01-2025 06:11,member,5.018166667,Friday,January
18048F3531DAF576,electric_bike,16-01-2025 09:20,16-01-2025 09:23,member,3.455166667,Thursday,January
E2ACFA5C736376F6,electric_bike,04-01-2025 15:26,04-01-2025 15:42,member,15.91095,Saturday,January
B1810A3462EAA084,classic_bike,17-01-2025 08:13,17-01-2025 08:15,member,2.501516667,Friday,January
461D6EC2A99BC110,classic_bike,09-01-2025 09:45,09-01-2025 10:05,casual,20.21285,Thursday,January
172BD369FF6D3ADA,classic_bike,27-01-2025 16:51,27-01-2025 17:19,member,28.31031667,Monday,January
AF381E3683CE622B,classic_bike,13-01-2025 18:24,13-01-2025 18:31,member,6.635916667,Monday,January
90912007C68DC8DA,electric_bike,30-01-2025 17:35,30-01-2025 17:51,member,16.7328,Thursday,January
5A7142E8A39FC161,electric_bike,24-01-2025 15:56,24-01-2025 16:00,member,3.736833333,Friday,January
2D20CCFBE6719E47,classic_bike,09-01-2025 13:12,09-01-2025 13:19,member,7.163683333,Thursday,January
009707A9E9077E1D,classic_bike,09-01-2025 17:09,09-01-2025 17:48,member,39.47703333,Thursday,January
3DE54C00139A213B,classic_bike,15-01-2025 11:53,15-01-2025 11:56,member,3.474483333,Wednesday,January
DAFEB128254B6252,classic_bike,01-01-2025 17:21,01-01-2025 17:36,member,14.50543333,Wednesday,January
29EB50E4965FA8A6,electric_bike,28-01-2025 07:17,28-01-2025 07:21,member,4.6145,Tuesday,January
260FC94B2A150AE5,electric_bike,16-01-2025 09:10,16-01-2025 09:22,casual,12.72148333,Thursday,January
4B81EE1E1B413989,electric_bike,17-01-2025 10:39,17-01-2025 10:48,casual,8.628633333,Friday,January
0B6242FC5805AB59,electric_bike,28-01-2025 12:28,28-01-2025 12:50,casual,21.71785,Tuesday,January
14CD6059DA03A8F4,electric_bike,27-01-2025 10:42,27-01-2025 10:42,member,0.101016667,Monday,January
83D1D41B252447DB,classic_bike,18-01-2025 16:48,18-01-2025 16:56,casual,8.512966667,Saturday,January
358ED720AFD7C8CB,classic_bike,17-01-2025 22:15,17-01-2025 22:16,casual,1.063366667,Friday,January
21541548CF3FF7D1,classic_bike,05-01-2025 11:14,05-01-2025 11:27,casual,13.03753333,Sunday,January
D09E525EB019E3E8,electric_bike,23-01-2025 13:29,23-01-2025 13:43,casual,14.74798333,Thursday,January
3AD12C150A88E79E,electric_bike,28-01-2025 16:23,28-01-2025 16:28,casual,4.1437,Tuesday,January
D36106CA93DC1B8C,electric_bike,12-01-2025 15:29,12-01-2025 15:37,casual,7.554683333,Sunday,January
27064F31728CCFE3,classic_bike,31-01-2025 00:05,31-01-2025 00:11,casual,6.297883333,Friday,January
2FA0F717FE44CBFC,electric_bike,16-01-2025 11:54,16-01-2025 12:16,member,22.26993333,Thursday,January
91CA4C9E6F9244F8,electric_bike,08-01-2025 11:29,08-01-2025 11:32,member,2.81355,Wednesday,January
75C473A31E8826EE,electric_bike,27-01-2025 06:50,27-01-2025 06:58,member,8.008616667,Monday,January
6AA10BF0999EFE93,electric_bike,16-01-2025 06:55,16-01-2025 07:03,member,7.54375,Thursday,January
6635BF7D26E33A91,electric_bike,02-01-2025 16:09,02-01-2025 16:12,member,2.7455,Thursday,January
A603CF3D12237FB8,classic_bike,28-01-2025 08:17,28-01-2025 08:29,member,11.45591667,Tuesday,January
D1F20AD76F5D2A13,classic_bike,30-01-2025 08:21,30-01-2025 08:34,member,13.65235,Thursday,January
6D4CE41139A77CD5,classic_bike,29-01-2025 07:20,29-01-2025 07:32,member,11.70083333,Wednesday,January
F8C41696DB2EECF8,electric_bike,16-01-2025 21:31,16-01-2025 21:42,member,10.47761667,Thursday,January
C544AFB54FB96B3D,electric_bike,25-01-2025 22:15,25-01-2025 22:19,member,3.43815,Saturday,January
40493EA61BA93D5A,classic_bike,16-01-2025 12:04,16-01-2025 12:07,member,2.626433333,Thursday,January
9C0A791AE3D9C957,classic_bike,12-01-2025 17:46,12-01-2025 17:51,member,5.451616667,Sunday,January
82FC46E4A8B33FC3,classic_bike,03-01-2025 19:59,03-01-2025 20:21,member,21.34478333,Friday,January
34163BAD7D56481D,electric_bike,06-01-2025 16:54,06-01-2025 16:59,member,5.137116667,Monday,January
F9515A95F1F15C55,classic_bike,16-01-2025 18:20,16-01-2025 18:33,member,12.75936667,Thursday,January
AE908854A2691A89,classic_bike,13-01-2025 16:14,13-01-2025 16:18,member,4.04775,Monday,January
A06D440C1A7C4DF8,electric_bike,17-01-2025 11:46,17-01-2025 11:53,member,7.682533333,Friday,January
36FFB0D7D087F41F,classic_bike,02-01-2025 13:55,02-01-2025 14:59,casual,64.2441,Thursday,January
EA38BB3B7F34BEE4,electric_bike,05-01-2025 16:39,05-01-2025 16:40,member,0.45505,Sunday,January
616584F4B6C0AFEF,electric_bike,05-01-2025 16:38,05-01-2025 16:38,member,0.503316667,Sunday,January
AC96123562228851,electric_bike,02-01-2025 07:15,02-01-2025 07:33,member,18.74243333,Thursday,January
D71EE11BC5A963AB,classic_bike,25-01-2025 13:11,25-01-2025 13:22,member,11.22698333,Saturday,January
5E5E512A88BE5333,classic_bike,23-01-2025 21:55,23-01-2025 22:49,member,53.98915,Thursday,January
DDF68A146CABD59D,classic_bike,12-01-2025 00:09,12-01-2025 00:52,member,43.01153333,Sunday,January
9F63DE220166E70B,electric_bike,24-01-2025 12:49,24-01-2025 12:55,member,6.459916667,Friday,January
65C7DB3CBC7910D7,classic_bike,27-01-2025 17:19,27-01-2025 17:29,member,10.6564,Monday,January
76C35525F4186613,electric_bike,05-01-2025 14:25,05-01-2025 14:33,member,7.40875,Sunday,January
EB80B2F04A0F600D,electric_bike,28-01-2025 16:16,28-01-2025 16:20,member,3.950183333,Tuesday,January
8959147BA615DDD2,electric_bike,11-01-2025 16:58,11-01-2025 17:09,member,11.32288333,Saturday,January
A6CC6346E70BFBE6,classic_bike,27-01-2025 07:50,27-01-2025 08:00,member,10.04518333,Monday,January
DA637BD117561ED1,classic_bike,30-01-2025 08:02,30-01-2025 08:11,member,9.6324,Thursday,January
56E9D9BE79879B68,classic_bike,29-01-2025 08:05,29-01-2025 08:15,member,9.633916667,Wednesday,January
B35E12DC25F94FCA,classic_bike,06-01-2025 07:35,06-01-2025 07:45,member,9.612266667,Monday,January
9D25840100EB3DEC,classic_bike,06-01-2025 16:25,06-01-2025 16:38,member,12.86705,Monday,January
79CE85341A5DFA80,electric_bike,28-01-2025 15:09,28-01-2025 15:15,member,5.070916667,Tuesday,January
630223B69E717E0A,electric_bike,08-01-2025 08:30,08-01-2025 08:36,member,5.729883333,Wednesday,January
74B768AEE097323A,classic_bike,15-01-2025 16:08,15-01-2025 16:18,member,10.39613333,Wednesday,January
E09F190E2C23F571,classic_bike,02-01-2025 16:13,02-01-2025 16:26,member,12.98071667,Thursday,January
84CE731301AAB846,classic_bike,06-01-2025 16:00,06-01-2025 16:09,member,8.989233333,Monday,January
5BCCEED8E4AE82C3,classic_bike,29-01-2025 22:10,29-01-2025 22:23,member,13.10826667,Wednesday,January
B28001DBED8EBE53,classic_bike,23-01-2025 08:18,23-01-2025 08:24,member,5.674566667,Thursday,January
09F1B03C55669DE8,classic_bike,11-01-2025 14:39,11-01-2025 14:51,member,12.44391667,Saturday,January
D2A2934379C6D6AB,electric_bike,15-01-2025 20:06,15-01-2025 20:07,member,0.410666667,Wednesday,January
C39613331414595B,classic_bike,27-01-2025 17:56,27-01-2025 18:22,member,25.76615,Monday,January
9935283AA21B274D,electric_bike,28-01-2025 18:40,28-01-2025 18:46,member,6.116033333,Tuesday,January
1958C9EDB234F80E,electric_bike,02-01-2025 15:13,02-01-2025 15:19,member,6.060866667,Thursday,January
0BF04E6A9CC2EBC0,classic_bike,29-01-2025 05:53,29-01-2025 06:04,member,11.20145,Wednesday,January
D1C4DAF7B723C38F,classic_bike,30-01-2025 05:54,30-01-2025 06:04,member,9.670266667,Thursday,January
B2C9BEAE16D4E748,electric_bike,25-01-2025 17:03,25-01-2025 17:09,member,5.805583333,Saturday,January
4D0DB150D657AC9F,electric_bike,09-01-2025 10:42,09-01-2025 10:50,member,8.243766667,Thursday,January
9FE6EA86B3C7C3B3,electric_bike,17-01-2025 07:26,17-01-2025 07:43,member,16.6542,Friday,January
ED52127A98ADECC1,classic_bike,06-01-2025 08:09,06-01-2025 08:15,member,5.697716667,Monday,January
1C5D1063D9A319D7,electric_bike,01-01-2025 15:02,01-01-2025 15:04,member,2.366316667,Wednesday,January
1CB7292AE12857B4,electric_bike,25-01-2025 08:12,25-01-2025 08:15,member,2.473033333,Saturday,January
FF13397612EDBB40,classic_bike,03-01-2025 03:43,03-01-2025 03:48,member,5.1963,Friday,January
4B07F43841F6BCD9,electric_bike,15-01-2025 13:20,15-01-2025 13:26,member,5.712366667,Wednesday,January
40B22811EDAA8BE9,electric_bike,15-01-2025 09:20,15-01-2025 09:25,member,4.963416667,Wednesday,January
986BE92E30527404,electric_bike,29-01-2025 06:39,29-01-2025 06:51,member,11.53901667,Wednesday,January
DEC014FFA46A46B3,classic_bike,13-01-2025 10:37,13-01-2025 10:41,member,3.793716667,Monday,January
D472BA32884D84ED,classic_bike,29-01-2025 17:09,29-01-2025 17:12,member,3.417083333,Wednesday,January
4979B30E67E249F8,classic_bike,05-01-2025 14:50,05-01-2025 15:00,member,10.05683333,Sunday,January
088419774BAF14FF,classic_bike,05-01-2025 10:16,05-01-2025 10:26,member,9.123433333,Sunday,January
36C68E2E16797083,classic_bike,02-01-2025 12:35,02-01-2025 12:43,member,7.879933333,Thursday,January
5195C6C85CE8552E,classic_bike,11-01-2025 09:22,11-01-2025 09:32,member,10.45506667,Saturday,January
5D1A66E8D0ED11FC,classic_bike,31-01-2025 00:08,31-01-2025 00:22,member,13.53385,Friday,January
5925D685277350D9,classic_bike,03-01-2025 06:28,03-01-2025 06:33,member,5.060616667,Friday,January
951C5E6EAE818BEB,electric_bike,23-01-2025 16:32,23-01-2025 16:37,member,4.84615,Thursday,January
B798E91DC2AD7F78,electric_bike,07-01-2025 16:37,07-01-2025 16:51,member,13.75081667,Tuesday,January
583DB1DF69A4F791,electric_bike,07-01-2025 17:07,07-01-2025 17:14,member,6.909533333,Tuesday,January
9B86EA5CE29D422D,electric_bike,13-01-2025 15:41,13-01-2025 15:53,member,11.8287,Monday,January
3B5A33B09CB785A2,classic_bike,22-01-2025 09:08,22-01-2025 09:18,member,10.20111667,Wednesday,January
44F86847EDF89259,electric_bike,28-01-2025 07:20,28-01-2025 07:31,member,11.9123,Tuesday,January
7E47A840B402DA61,electric_bike,14-01-2025 08:13,14-01-2025 08:20,member,7.485483333,Tuesday,January
EA61FFF7DA99B177,classic_bike,21-01-2025 07:54,21-01-2025 08:07,member,13.32596667,Tuesday,January
446F80C48A7C2BCD,electric_bike,27-01-2025 08:23,27-01-2025 08:32,member,8.952483333,Monday,January
A0569A517AA25F55,electric_bike,25-01-2025 23:18,25-01-2025 23:29,member,11.68048333,Saturday,January
8027A00CB25D314B,classic_bike,08-01-2025 17:01,08-01-2025 17:11,member,10.01978333,Wednesday,January
C688CA88ECFFFA7C,electric_bike,31-01-2025 07:58,31-01-2025 08:04,member,5.951266667,Friday,January
8B774B9642EEE613,electric_bike,02-01-2025 08:05,02-01-2025 08:12,member,6.242833333,Thursday,January
417CF0BD89853EA7,electric_bike,06-01-2025 07:59,06-01-2025 08:06,member,7.137333333,Monday,January
D06F19260CBE74D4,classic_bike,16-01-2025 12:22,16-01-2025 12:28,member,6.167316667,Thursday,January
3A6E66DCC92A29E3,electric_bike,29-01-2025 17:53,29-01-2025 18:09,member,15.88171667,Wednesday,January
B099B829140F9EDC,classic_bike,26-01-2025 14:59,26-01-2025 15:26,member,27.47818333,Sunday,January
319AB97568FA314F,classic_bike,15-01-2025 17:20,15-01-2025 17:23,member,2.484833333,Wednesday,January
40F630523ACA10FB,classic_bike,21-01-2025 12:51,21-01-2025 12:55,member,3.611983333,Tuesday,January
FA43528B4636972C,electric_bike,15-01-2025 09:06,15-01-2025 09:20,member,14.41146667,Wednesday,January
CF844C17B6B6D740,electric_bike,30-01-2025 19:49,30-01-2025 19:55,member,5.95375,Thursday,January
E51B91C20A28DF1E,classic_bike,12-01-2025 20:22,12-01-2025 21:10,member,47.49531667,Sunday,January
809CC5E2972802F1,classic_bike,15-01-2025 10:30,15-01-2025 10:33,member,2.805616667,Wednesday,January
2BD33E87CB16D990,electric_bike,15-01-2025 09:02,15-01-2025 09:07,member,5.705583333,Wednesday,January
C1DD0695D59D6EC9,electric_bike,02-01-2025 08:58,02-01-2025 09:01,member,3.71405,Thursday,January
A4B621BEDBFAB1F8,electric_bike,25-01-2025 20:11,25-01-2025 20:17,member,5.6502,Saturday,January
EAB8276935C1BB4F,electric_bike,29-01-2025 10:19,29-01-2025 10:28,member,9.634466667,Wednesday,January
74F53397039BF9B8,classic_bike,04-01-2025 09:44,04-01-2025 09:56,member,11.5223,Saturday,January
055522AFE94E3865,electric_bike,24-01-2025 13:24,24-01-2025 13:29,member,4.5982,Friday,January
EFFD7A492781ECD3,electric_bike,09-01-2025 13:26,09-01-2025 13:32,member,5.605983333,Thursday,January
A9A5D27477245CB5,electric_bike,12-01-2025 13:43,12-01-2025 13:48,member,4.557433333,Sunday,January
9695598BF1F7C430,electric_bike,31-01-2025 14:07,31-01-2025 14:12,member,4.711166667,Friday,January
CB6EE87C0E006859,electric_bike,06-01-2025 13:16,06-01-2025 13:22,member,5.912416667,Monday,January
4D9AC05D3E7DD091,classic_bike,20-01-2025 20:36,20-01-2025 20:45,member,9.0632,Monday,January
DCCDC0091AF2EF6C,classic_bike,17-01-2025 07:18,17-01-2025 07:22,member,3.518116667,Friday,January
46BE11FA35319038,classic_bike,21-01-2025 20:59,21-01-2025 21:02,member,2.31695,Tuesday,January
9180149C80C10C49,classic_bike,29-01-2025 13:12,29-01-2025 13:19,member,6.78815,Wednesday,January
6C254DAD19C0C516,classic_bike,05-01-2025 09:51,05-01-2025 10:14,member,22.25766667,Sunday,January
35260E01210154E9,classic_bike,25-01-2025 08:24,25-01-2025 08:27,member,3.750783333,Saturday,January
F879A633B34746D2,classic_bike,25-01-2025 18:33,25-01-2025 18:37,member,4.3926,Saturday,January
2CAFA7E155BF8769,classic_bike,30-01-2025 12:05,30-01-2025 12:08,member,3.00065,Thursday,January
9FBDAF54B475A6CA,classic_bike,02-01-2025 09:04,02-01-2025 09:06,member,2.512183333,Thursday,January
1C29D22B82836BD0,classic_bike,01-01-2025 16:56,01-01-2025 17:19,member,22.90961667,Wednesday,January
9A3D9614E6AE2101,electric_bike,08-01-2025 18:19,08-01-2025 18:27,member,7.805316667,Wednesday,January
9F455D5ED387B0EF,classic_bike,02-01-2025 15:21,02-01-2025 15:33,member,11.32226667,Thursday,January
C55E99DA7C356018,electric_bike,29-01-2025 15:41,29-01-2025 15:44,member,3.030283333,Wednesday,January
D5D375BB38BA8265,classic_bike,01-01-2025 20:02,01-01-2025 20:07,member,5.419966667,Wednesday,January
F89E9D8F2375AD54,classic_bike,25-01-2025 13:11,25-01-2025 13:17,member,5.837216667,Saturday,January
B84F66D820A3A902,classic_bike,03-01-2025 16:42,03-01-2025 16:46,member,4.418716667,Friday,January
26B0ABDCC3E7E10D,classic_bike,09-01-2025 22:23,09-01-2025 22:37,member,13.28138333,Thursday,January
9AA534E0D00A385C,classic_bike,28-01-2025 09:53,28-01-2025 09:57,member,4.1291,Tuesday,January
48E2C1EED97A6873,classic_bike,22-01-2025 09:25,22-01-2025 09:28,member,3.399266667,Wednesday,January
73CA4690F4062281,electric_bike,29-01-2025 09:17,29-01-2025 09:26,member,8.892183333,Wednesday,January
4225A1CD1D14CE32,electric_bike,27-01-2025 08:02,27-01-2025 08:11,member,8.838983333,Monday,January
36076228F75210DD,electric_bike,28-01-2025 08:01,28-01-2025 08:08,member,6.674616667,Tuesday,January
3D447B335D5A4025,electric_bike,13-01-2025 08:02,13-01-2025 08:10,member,7.74205,Monday,January
AB41023A9DD23FEE,electric_bike,28-01-2025 13:48,28-01-2025 14:10,member,22.19825,Tuesday,January
55CBEAF0DEF945B6,electric_bike,29-01-2025 10:52,29-01-2025 10:57,member,4.850666667,Wednesday,January
806297AD677C012B,electric_bike,30-01-2025 19:17,30-01-2025 19:34,member,17.02501667,Thursday,January
20B9374EACC11479,classic_bike,09-01-2025 07:21,09-01-2025 07:35,member,13.26586667,Thursday,January
1852BDACC30FAC58,electric_bike,30-01-2025 17:12,30-01-2025 17:18,member,6.172383333,Thursday,January
955F95459BA4CC92,classic_bike,01-01-2025 12:42,01-01-2025 12:44,member,2.2516,Wednesday,January
AEA8AD5D5D36FB20,electric_bike,11-01-2025 07:44,11-01-2025 07:49,member,4.890366667,Saturday,January
AC487B12D02B2FD2,classic_bike,28-01-2025 07:21,28-01-2025 07:27,member,5.917983333,Tuesday,January
57266C3DDAC9FD0C,electric_bike,02-01-2025 09:16,02-01-2025 09:35,member,19.45436667,Thursday,January
DFE0E12A07E7FD86,classic_bike,25-01-2025 10:08,25-01-2025 10:15,member,6.357,Saturday,January
34C198873DA488DB,electric_bike,11-01-2025 22:10,11-01-2025 22:12,member,2.731316667,Saturday,January
10EAE670C0CD950A,electric_bike,08-01-2025 07:26,08-01-2025 07:32,member,5.485433333,Wednesday,January
8225636C3E02F372,electric_bike,29-01-2025 16:54,29-01-2025 17:33,member,39.45135,Wednesday,January
0EC45575306ABDAB,classic_bike,23-01-2025 16:47,23-01-2025 17:13,member,26.74656667,Thursday,January
B181FF97D32A5E61,classic_bike,12-01-2025 14:00,12-01-2025 14:18,member,18.34853333,Sunday,January
F2325C1A8D1AFFAF,classic_bike,12-01-2025 14:36,12-01-2025 14:51,member,15.09685,Sunday,January
6D9597B395C9966D,classic_bike,11-01-2025 12:19,11-01-2025 12:37,member,17.76101667,Saturday,January
C5790DCEC8715A93,classic_bike,31-01-2025 19:22,31-01-2025 19:40,member,18.04526667,Friday,January
1E43EF2C6FD41D39,electric_bike,29-01-2025 16:47,29-01-2025 16:56,member,9.15605,Wednesday,January
0953F0ACC77A1822,electric_bike,01-01-2025 13:08,01-01-2025 13:19,member,11.63471667,Wednesday,January
A2B299B1FD38834C,classic_bike,14-01-2025 06:52,14-01-2025 07:00,member,7.94155,Tuesday,January
58D747DD737C92A4,electric_bike,24-01-2025 13:51,24-01-2025 13:54,member,3.80625,Friday,January
9ECB172931CE49B0,classic_bike,05-01-2025 13:55,05-01-2025 14:01,member,5.9588,Sunday,January
F97969119CBA77A3,classic_bike,17-01-2025 23:23,17-01-2025 23:42,member,19.35083333,Friday,January
7104D52D85057E31,electric_bike,12-01-2025 16:03,12-01-2025 16:12,member,9.167566667,Sunday,January
8FC7B664F21E840E,electric_bike,03-01-2025 09:38,03-01-2025 09:45,member,6.765966667,Friday,January
FADB47A29C62D877,electric_bike,18-01-2025 09:34,18-01-2025 09:41,member,6.960416667,Saturday,January
ECD12ACEE13C3C6C,classic_bike,02-01-2025 08:35,02-01-2025 08:45,member,10.28583333,Thursday,January
155A1E5065503C60,electric_bike,27-01-2025 11:34,27-01-2025 11:37,member,2.7626,Monday,January
28A3B370D7696D39,classic_bike,09-01-2025 08:44,09-01-2025 08:49,member,5.2835,Thursday,January
3721CF7FD11B0764,classic_bike,08-01-2025 10:52,08-01-2025 10:55,member,3.53595,Wednesday,January
73F1810F1A121512,classic_bike,14-01-2025 12:37,14-01-2025 12:40,member,3.021933333,Tuesday,January
098D4EBD2FE7C286,electric_bike,22-01-2025 14:13,22-01-2025 14:21,member,7.79075,Wednesday,January
93187084BE6A4CE6,classic_bike,27-01-2025 19:31,27-01-2025 19:41,member,9.240316667,Monday,January
0417EA4C381D6804,classic_bike,09-01-2025 16:26,09-01-2025 16:37,member,10.73775,Thursday,January
56A98BB6E56C22B4,classic_bike,16-01-2025 10:55,16-01-2025 11:00,member,5.044366667,Thursday,January
FD8AFA35C95CF28F,classic_bike,27-01-2025 18:57,27-01-2025 19:01,member,4.440283333,Monday,January
CB3093F7069567D6,classic_bike,31-01-2025 07:30,31-01-2025 07:44,member,13.21646667,Friday,January
AEA0A6F318A3F101,classic_bike,13-01-2025 07:30,13-01-2025 07:44,member,14.49556667,Monday,January
5E46529D752C5497,classic_bike,29-01-2025 07:35,29-01-2025 07:47,member,11.99691667,Wednesday,January
C8492F9F62090D62,classic_bike,28-01-2025 17:25,28-01-2025 17:40,member,15.50935,Tuesday,January
75BAA78604B24366,classic_bike,25-01-2025 14:41,25-01-2025 14:54,member,13.07775,Saturday,January
C9CF21966E076CDC,electric_bike,25-01-2025 14:36,25-01-2025 14:45,member,9.559416667,Saturday,January
DA6D20760DA67772,classic_bike,21-01-2025 07:38,21-01-2025 07:47,member,9.071416667,Tuesday,January
A87ECB0F4D60793D,classic_bike,22-01-2025 20:56,22-01-2025 21:26,member,29.21943333,Wednesday,January
2AB2E36E089B505A,electric_bike,08-01-2025 19:11,08-01-2025 19:16,member,4.519416667,Wednesday,January
54FB40D97D157530,electric_bike,12-01-2025 15:21,12-01-2025 15:23,member,2.154483333,Sunday,January
93A75FBF7D8B7DD2,electric_bike,02-01-2025 20:51,02-01-2025 21:02,member,10.83335,Thursday,January
3669677151A4E5AC,electric_bike,05-01-2025 06:48,05-01-2025 06:55,member,6.845466667,Sunday,January
D2EFD83AA0A5235D,classic_bike,17-01-2025 17:03,17-01-2025 17:11,member,8.555333333,Friday,January
74980A948E995DFD,electric_bike,31-01-2025 18:49,31-01-2025 18:58,member,8.89295,Friday,January
A4BD793C5E95D546,classic_bike,09-01-2025 06:35,09-01-2025 06:48,member,13.38541667,Thursday,January
0CE89BCAB98D9C39,electric_bike,16-01-2025 17:23,16-01-2025 17:33,member,9.828316667,Thursday,January
17D04116C3730E9A,classic_bike,23-01-2025 17:27,23-01-2025 17:34,member,7.090533333,Thursday,January
A778E48DC4317240,electric_bike,28-01-2025 11:32,28-01-2025 11:36,member,3.9368,Tuesday,January
1CC94A729F5549D9,electric_bike,02-01-2025 13:40,02-01-2025 13:45,member,5.379533333,Thursday,January
1459089481D8004C,classic_bike,17-01-2025 13:12,17-01-2025 13:14,member,1.95155,Friday,January
0C98F126A7090F1F,electric_bike,13-01-2025 18:13,13-01-2025 18:20,member,7.311766667,Monday,January
B7245280A6B70C86,classic_bike,16-01-2025 07:11,16-01-2025 07:32,member,21.55591667,Thursday,January
9C9C585C416A2DCA,classic_bike,31-01-2025 23:20,31-01-2025 23:34,member,13.93401667,Friday,January
032C3D73B1A2197E,classic_bike,31-01-2025 17:12,31-01-2025 17:48,member,36.1859,Friday,January
F5F6AFE75F4CDD40,electric_bike,10-01-2025 18:03,10-01-2025 18:07,member,4.2808,Friday,January
F4F2BC0AB0704725,classic_bike,04-01-2025 17:29,04-01-2025 17:41,member,11.27565,Saturday,January
0CC97CAD000E6296,electric_bike,07-01-2025 14:20,07-01-2025 14:30,member,9.8107,Tuesday,January
D3208E9348DAD5F9,electric_bike,29-01-2025 17:10,29-01-2025 17:15,member,4.835833333,Wednesday,January
C69E26322E6C979E,electric_bike,25-01-2025 18:41,25-01-2025 18:49,member,7.940466667,Saturday,January
9F2CD9B1E23F34F9,classic_bike,29-01-2025 21:45,29-01-2025 21:53,member,8.688466667,Wednesday,January
C1FDD3D35B0DB130,classic_bike,09-01-2025 08:02,09-01-2025 08:25,member,22.99295,Thursday,January
350D4B22EFE869D7,classic_bike,31-01-2025 07:59,31-01-2025 08:33,member,34.67186667,Friday,January
20C45A64FFE427A3,electric_bike,02-01-2025 17:32,02-01-2025 17:35,member,2.7261,Thursday,January
EBA36657B08B737E,electric_bike,17-01-2025 16:19,17-01-2025 16:53,member,34.4875,Friday,January
A2E3057672CC0F33,classic_bike,15-01-2025 08:16,15-01-2025 08:52,member,35.4679,Wednesday,January
821CDC410600E0B0,classic_bike,23-01-2025 08:20,23-01-2025 08:46,member,25.85028333,Thursday,January
F73393A8BBE43F45,classic_bike,12-01-2025 11:55,12-01-2025 12:19,member,24.10541667,Sunday,January
6E354AB392871891,electric_bike,28-01-2025 07:46,28-01-2025 07:46,member,0.559016667,Tuesday,January
1F31CB8188BF16B3,classic_bike,09-01-2025 14:16,09-01-2025 14:31,member,14.90668333,Thursday,January
7F0A3B16F16F15C5,classic_bike,01-01-2025 10:57,01-01-2025 11:01,member,4.5949,Wednesday,January
37AE5DFC1FC90F13,classic_bike,16-01-2025 17:33,16-01-2025 17:49,member,16.04805,Thursday,January
83922157CF27B50A,electric_bike,28-01-2025 16:32,28-01-2025 16:39,member,6.938783333,Tuesday,January
AA569F3F78946735,electric_bike,17-01-2025 14:37,17-01-2025 14:45,casual,8.0315,Friday,January
0862B203D29652F7,electric_bike,06-01-2025 07:47,06-01-2025 07:55,member,8.133633333,Monday,January
296FDE94A09E7B27,electric_bike,24-01-2025 13:14,24-01-2025 13:18,member,3.925783333,Friday,January
0051CD3A314321B1,electric_bike,15-01-2025 14:48,15-01-2025 14:52,member,3.917533333,Wednesday,January
C222D124C0366B75,electric_bike,24-01-2025 10:57,24-01-2025 11:01,member,3.431333333,Friday,January
31742F27F82171E7,classic_bike,06-01-2025 11:46,06-01-2025 11:52,member,6.4596,Monday,January
D15E9E27264471EC,classic_bike,27-01-2025 16:00,27-01-2025 16:30,member,29.7165,Monday,January
C7BAFBDFB375B97B,classic_bike,29-01-2025 11:44,29-01-2025 11:55,member,10.51643333,Wednesday,January
BC0BE03C1F1845BB,electric_bike,02-01-2025 18:00,02-01-2025 18:08,member,8.30385,Thursday,January
629F0920B896F657,classic_bike,04-01-2025 11:13,04-01-2025 11:25,member,11.88196667,Saturday,January
59B635587B342004,classic_bike,25-01-2025 14:58,25-01-2025 15:10,member,11.4164,Saturday,January
7FC0DA14B4988559,electric_bike,09-01-2025 10:07,09-01-2025 10:14,member,6.7511,Thursday,January
E93C098038EEEF57,electric_bike,17-01-2025 21:54,17-01-2025 22:00,casual,6.277866667,Friday,January
D6AC0252573A4E0B,electric_bike,23-01-2025 14:01,23-01-2025 14:08,member,7.332916667,Thursday,January
B8743C2D80493CE6,classic_bike,21-01-2025 08:27,21-01-2025 08:33,member,5.491,Tuesday,January
2CE7C48ECA233148,classic_bike,06-01-2025 17:14,06-01-2025 17:33,member,18.91031667,Monday,January
977F273F53622837,classic_bike,20-01-2025 14:56,20-01-2025 15:07,member,11.15901667,Monday,January
7F2B13D074B01C6F,electric_bike,29-01-2025 09:11,29-01-2025 09:26,member,15.504,Wednesday,January
9F75EEAE3D3E32BB,electric_bike,19-01-2025 13:57,19-01-2025 14:05,member,8.50235,Sunday,January
A45446EB160B0587,electric_bike,01-01-2025 16:04,01-01-2025 16:09,casual,4.766766667,Wednesday,January
7B1C171D5D2742A0,classic_bike,29-01-2025 07:33,29-01-2025 07:46,member,12.99973333,Wednesday,January
BC378BE62A9D70D6,classic_bike,13-01-2025 07:05,13-01-2025 07:10,member,5.6744,Monday,January
A23438EF55B0A5CB,classic_bike,17-01-2025 15:38,17-01-2025 15:40,member,2.897333333,Friday,January
386C13E139099DF9,classic_bike,10-01-2025 05:54,10-01-2025 05:58,member,4.0172,Friday,January
6879A56B5E21D0ED,classic_bike,03-01-2025 11:37,03-01-2025 12:28,member,51.11006667,Friday,January
0AC8B30A3D8C1216,classic_bike,22-01-2025 19:25,22-01-2025 19:30,member,4.968116667,Wednesday,January
8936FD4860CA9C08,classic_bike,04-01-2025 23:58,05-01-2025 00:03,member,5.1461,Saturday,January
939364CA5C22589F,classic_bike,01-01-2025 01:34,01-01-2025 01:49,member,14.2278,Wednesday,January
34BDE28AE2241B73,electric_bike,10-01-2025 07:45,10-01-2025 07:59,member,14.0129,Friday,January
309A37469BADECA0,electric_bike,12-01-2025 13:48,12-01-2025 14:54,casual,65.55395,Sunday,January
98F54BA10FA16A3F,electric_bike,09-01-2025 09:14,09-01-2025 09:26,member,12.29788333,Thursday,January
5258E1B6E5927757,electric_bike,16-01-2025 09:01,16-01-2025 09:13,member,12.1596,Thursday,January
655FAE5856C0587F,electric_bike,09-01-2025 13:20,09-01-2025 13:28,member,7.398216667,Thursday,January
43F4B1A83CDD2B63,classic_bike,08-01-2025 14:56,08-01-2025 15:08,member,11.77563333,Wednesday,January
E497F96591C093B2,classic_bike,09-01-2025 20:50,09-01-2025 21:02,member,11.9681,Thursday,January
D91B0054826342B6,classic_bike,12-01-2025 14:11,12-01-2025 14:21,member,9.621616667,Sunday,January
6EC3F01C2E598226,electric_bike,29-01-2025 19:01,29-01-2025 19:07,member,5.880116667,Wednesday,January
1E1BEA441D1C8AE5,classic_bike,23-01-2025 22:53,23-01-2025 22:55,member,2.58215,Thursday,January
BBCC3357AB198F36,classic_bike,21-01-2025 09:41,21-01-2025 09:50,casual,8.6532,Tuesday,January
4978A691668857B2,electric_bike,11-01-2025 22:13,11-01-2025 22:18,casual,4.7584,Saturday,January
F1B7B48E095BF00F,electric_bike,03-01-2025 07:41,03-01-2025 07:49,member,8.513583333,Friday,January
FD81939F0D327147,electric_bike,04-01-2025 13:35,04-01-2025 13:40,member,4.22405,Saturday,January
05D5C06127805597,classic_bike,15-01-2025 11:37,15-01-2025 11:47,member,10.11161667,Wednesday,January
9957F3D8B9FD6191,classic_bike,23-01-2025 17:37,23-01-2025 17:50,member,12.80698333,Thursday,January
E13AEE7D8694D76D,electric_bike,03-01-2025 08:29,03-01-2025 08:35,member,5.776483333,Friday,January
3785E5FD8D8D4594,electric_bike,08-01-2025 12:34,08-01-2025 12:46,member,11.40776667,Wednesday,January
14EA4C940F5B16C2,electric_bike,16-01-2025 16:47,16-01-2025 16:56,member,8.664683333,Thursday,January
C8A7CB75D7BCC8D6,electric_bike,13-01-2025 16:54,13-01-2025 17:10,member,15.98148333,Monday,January
EB211A9DF605AD8B,electric_bike,30-01-2025 13:17,30-01-2025 13:22,member,5.092816667,Thursday,January
1596486C9FFDBB1C,classic_bike,18-01-2025 14:02,18-01-2025 14:09,member,6.488866667,Saturday,January
4FE606477E51C488,electric_bike,08-01-2025 14:24,08-01-2025 14:26,member,2.37475,Wednesday,January
2A0E0F63C9141C10,classic_bike,02-01-2025 14:19,02-01-2025 14:23,member,3.888183333,Thursday,January
0F58E63E79DDBAEC,electric_bike,29-01-2025 08:46,29-01-2025 08:57,member,10.52663333,Wednesday,January
2A62ECBD0C57C0C2,classic_bike,19-01-2025 14:06,19-01-2025 14:46,member,40.0265,Sunday,January
70D314A4B63FBBC8,classic_bike,01-01-2025 16:46,01-01-2025 16:49,member,2.71175,Wednesday,January
2CDF6C6331304911,electric_bike,29-01-2025 10:30,29-01-2025 10:32,member,1.958783333,Wednesday,January
C04D74574D5F70BD,electric_bike,06-01-2025 20:26,06-01-2025 20:29,member,2.518383333,Monday,January
86FBF704B8A47F84,electric_bike,07-01-2025 17:39,07-01-2025 17:42,member,2.872016667,Tuesday,January
1731AC158113BB4F,classic_bike,05-01-2025 17:46,05-01-2025 17:48,member,2.588383333,Sunday,January
8011DA0D5759AF82,classic_bike,22-01-2025 17:05,22-01-2025 17:12,member,6.751533333,Wednesday,January
DF89FA604C8E6617,electric_bike,07-01-2025 17:12,07-01-2025 17:24,member,11.43438333,Tuesday,January
6486253FA933331B,classic_bike,07-01-2025 11:18,07-01-2025 11:23,member,4.696683333,Tuesday,January
C14615B91BEAE4FA,electric_bike,23-01-2025 11:45,23-01-2025 11:48,member,3.6367,Thursday,January
AAC4F901F15EFE5C,classic_bike,30-01-2025 12:02,30-01-2025 12:41,member,39.21726667,Thursday,January
7C7B28BA788BFF2E,classic_bike,15-01-2025 08:44,15-01-2025 08:50,member,5.875016667,Wednesday,January
DB4212DA7E6715B3,classic_bike,13-01-2025 17:00,13-01-2025 17:05,member,4.20205,Monday,January
CDB3FACA580982C0,electric_bike,29-01-2025 10:19,29-01-2025 10:35,member,16.69931667,Wednesday,January
5BC082DF741BAFF5,classic_bike,26-01-2025 15:25,26-01-2025 15:31,member,6.005866667,Sunday,January
38F19EF683070D1B,classic_bike,30-01-2025 18:04,30-01-2025 18:10,member,6.0234,Thursday,January
311C6344A9DEC2FB,electric_bike,26-01-2025 16:55,26-01-2025 16:59,member,3.872533333,Sunday,January
1BB16AF9B0C5453D,electric_bike,09-01-2025 18:52,09-01-2025 18:56,member,3.936316667,Thursday,January
401D836CCA504624,electric_bike,10-01-2025 06:31,10-01-2025 06:34,member,3.168416667,Friday,January
09B39985EE17E7FD,classic_bike,26-01-2025 21:36,26-01-2025 21:39,member,3.029566667,Sunday,January
D626654F18E20564,electric_bike,25-01-2025 16:50,25-01-2025 16:53,casual,3.888933333,Saturday,January
E8C09264CA5D9709,classic_bike,12-01-2025 16:03,12-01-2025 16:26,member,22.54713333,Sunday,January
44BCC750164E1D3C,electric_bike,25-01-2025 16:19,25-01-2025 16:58,member,39.29566667,Saturday,January
E1423B3CCF84E402,classic_bike,14-01-2025 15:31,14-01-2025 15:37,member,5.154116667,Tuesday,January
42860CFA08E05D52,electric_bike,15-01-2025 21:02,15-01-2025 21:09,member,7.347933333,Wednesday,January
6D68C5C590753A08,electric_bike,30-01-2025 11:21,30-01-2025 11:30,member,8.804216667,Thursday,January
26F601A4F5A4766B,classic_bike,28-01-2025 19:23,28-01-2025 19:27,member,3.633266667,Tuesday,January
F3746F987DF531F6,classic_bike,09-01-2025 16:13,09-01-2025 16:17,member,3.849783333,Thursday,January
3CEE8231A73539EF,electric_bike,27-01-2025 07:08,27-01-2025 07:14,member,6.124866667,Monday,January
CB9AC2A9BE1D11A4,classic_bike,04-01-2025 22:28,04-01-2025 22:31,member,3.561266667,Saturday,January
45F1ED853B6B0428,electric_bike,29-01-2025 18:20,29-01-2025 18:24,member,3.6907,Wednesday,January
12461374290AC5E8,electric_bike,22-01-2025 13:28,22-01-2025 13:40,member,12.2767,Wednesday,January
8E9B5196D47EDDBD,classic_bike,17-01-2025 16:51,17-01-2025 17:30,member,39.37213333,Friday,January
B8852E3AC6024F1F,electric_bike,08-01-2025 19:52,08-01-2025 19:53,member,0.72535,Wednesday,January
F01D55A91CAF0E2D,electric_bike,25-01-2025 14:51,25-01-2025 15:08,member,17.0438,Saturday,January
2F3ECB6AA968B167,electric_bike,16-01-2025 18:36,16-01-2025 18:41,member,5.0406,Thursday,January
B9B3F3DB1CF631D2,classic_bike,05-01-2025 14:11,05-01-2025 14:40,member,28.6967,Sunday,January
A6F00AF9B70C16F2,electric_bike,15-01-2025 18:03,15-01-2025 18:11,member,7.621783333,Wednesday,January
4644BDCC349B589A,electric_bike,03-01-2025 17:02,03-01-2025 17:21,member,18.64983333,Friday,January
7E99FA6625AC388D,electric_bike,14-01-2025 08:16,14-01-2025 08:23,member,7.751433333,Tuesday,January
7CCAB44D431429FA,classic_bike,03-01-2025 22:12,03-01-2025 22:27,member,15.02031667,Friday,January
0AEFB735F714D0A9,electric_bike,23-01-2025 14:28,23-01-2025 14:31,member,2.94565,Thursday,January
211D3102C587BB78,electric_bike,23-01-2025 15:44,23-01-2025 15:53,member,8.846066667,Thursday,January
FAA9D62DDEEB6F91,classic_bike,17-01-2025 08:33,17-01-2025 08:37,member,4.48745,Friday,January
58F712F95C94D6CA,classic_bike,23-01-2025 07:47,23-01-2025 08:03,member,16.3502,Thursday,January
4495413C47466275,classic_bike,28-01-2025 09:05,28-01-2025 09:12,member,7.315183333,Tuesday,January
526BF61074013678,electric_bike,12-01-2025 12:17,12-01-2025 12:19,member,1.613533333,Sunday,January
2457DACE375A2DE0,classic_bike,27-01-2025 09:10,27-01-2025 09:23,member,12.85068333,Monday,January
1CD0437E1341A739,classic_bike,03-01-2025 06:16,03-01-2025 06:33,member,17.0426,Friday,January
6C7FE4BE35008ED1,electric_bike,26-01-2025 14:11,26-01-2025 14:14,member,2.213133333,Sunday,January
167550F67916F389,electric_bike,01-01-2025 14:57,01-01-2025 15:05,member,7.037683333,Wednesday,January
9C5786469FA236F8,classic_bike,03-01-2025 13:53,03-01-2025 14:02,member,8.994483333,Friday,January
61A1B5D66D87B27A,electric_bike,17-01-2025 08:47,17-01-2025 08:51,member,4.414516667,Friday,January
C5A7401431DE2110,electric_bike,27-01-2025 20:22,27-01-2025 20:25,member,2.374466667,Monday,January
AB95364A0599A4E8,electric_bike,13-01-2025 00:28,13-01-2025 00:30,member,1.629916667,Monday,January
8C03FE6C91EF2A8F,classic_bike,31-01-2025 17:29,31-01-2025 17:33,member,3.698183333,Friday,January
3790A4666C89B4C1,electric_bike,31-01-2025 16:50,31-01-2025 16:57,member,7.780966667,Friday,January
354D0452A702D05E,classic_bike,27-01-2025 08:08,27-01-2025 08:29,member,20.84053333,Monday,January
E3443B602CAE4799,electric_bike,29-01-2025 07:14,29-01-2025 09:23,member,129.1530167,Wednesday,January
32C11E67F5C0C51A,classic_bike,28-01-2025 08:24,28-01-2025 08:35,member,11.09318333,Tuesday,January
D168010512BE8D5A,classic_bike,26-01-2025 14:33,26-01-2025 14:41,member,7.557166667,Sunday,January
75CEF53F9CBF02D4,classic_bike,20-01-2025 13:32,20-01-2025 13:36,member,3.53215,Monday,January
936D63061D0B3301,classic_bike,13-01-2025 09:26,13-01-2025 09:52,member,25.48033333,Monday,January
4F4D290AD4C71C67,electric_bike,23-01-2025 14:10,23-01-2025 14:19,member,9.351216667,Thursday,January
04B038A3B0E9376B,classic_bike,27-01-2025 12:20,27-01-2025 12:31,member,10.65613333,Monday,January
68B802B490B07C7D,electric_bike,31-01-2025 02:13,31-01-2025 02:16,member,3.029516667,Friday,January
EE452B7688782104,electric_bike,29-01-2025 18:44,29-01-2025 19:06,member,22.22635,Wednesday,January
B91C72CB41CB9844,electric_bike,29-01-2025 07:43,29-01-2025 07:57,member,14.51423333,Wednesday,January
06519A5DA58026A6,electric_bike,31-01-2025 22:34,31-01-2025 22:53,member,18.96545,Friday,January
BDA3B830E19A9D8F,electric_bike,16-01-2025 03:10,16-01-2025 03:15,member,5.343383333,Thursday,January
509CE16C6F81836A,classic_bike,25-01-2025 16:01,25-01-2025 16:15,member,14.71451667,Saturday,January
F171359F30010DDF,classic_bike,18-01-2025 07:43,18-01-2025 07:48,member,4.59785,Saturday,January
9509A07902C7E4B9,classic_bike,23-01-2025 15:55,23-01-2025 16:38,member,43.22031667,Thursday,January
60044A355445B309,classic_bike,05-01-2025 07:36,05-01-2025 07:40,member,3.77695,Sunday,January
4BC0129DF7736A77,classic_bike,26-01-2025 01:13,26-01-2025 01:22,member,8.368716667,Sunday,January
EB02BF21FFB74446,classic_bike,25-01-2025 10:48,25-01-2025 10:57,member,9.642,Saturday,January
3E5DDBDDA41A9634,classic_bike,23-01-2025 05:29,23-01-2025 05:35,member,6.533433333,Thursday,January
8DD9A89380883A09,classic_bike,07-01-2025 05:30,07-01-2025 05:37,member,7.228733333,Tuesday,January
1C0105B2ACCCB147,classic_bike,21-01-2025 05:27,21-01-2025 05:35,member,7.140766667,Tuesday,January
D06DBDE544FB2E08,classic_bike,16-01-2025 05:29,16-01-2025 05:36,member,7.1595,Thursday,January
9A8434CE0849CAB7,classic_bike,13-01-2025 05:31,13-01-2025 05:38,member,7.0499,Monday,January
EE8A679546EF706B,classic_bike,06-01-2025 05:37,06-01-2025 05:44,member,6.11035,Monday,January
8D7276191F76F76A,classic_bike,13-01-2025 13:00,13-01-2025 13:12,member,12.42238333,Monday,January
A34B98ACCA6D1206,classic_bike,16-01-2025 17:57,16-01-2025 18:11,member,14.91841667,Thursday,January
2EA4924232D8A1AD,classic_bike,08-01-2025 08:44,08-01-2025 09:02,member,18.35326667,Wednesday,January
9E28DD1DDEB175B5,classic_bike,28-01-2025 07:29,28-01-2025 07:45,member,16.07725,Tuesday,January
B152DB76FEC87F32,classic_bike,17-01-2025 08:57,17-01-2025 09:13,member,16.18055,Friday,January
6E7E5682356DA115,electric_bike,30-01-2025 12:36,30-01-2025 12:53,member,17.3726,Thursday,January
F3A661A180C1C0BE,classic_bike,03-01-2025 13:31,03-01-2025 13:34,member,2.63445,Friday,January
87E5417DC628A78D,classic_bike,28-01-2025 10:41,28-01-2025 10:51,member,10.0156,Tuesday,January
21BD7EE0B9057709,electric_bike,18-01-2025 13:02,18-01-2025 13:10,member,7.727783333,Saturday,January
589D79DDCF99C246,electric_bike,24-01-2025 17:49,24-01-2025 17:49,member,0.01915,Friday,January
21560198A6CCAF09,electric_bike,11-01-2025 20:37,11-01-2025 20:42,casual,4.5515,Saturday,January
91DE277C01DB1A01,classic_bike,11-01-2025 20:36,11-01-2025 20:42,casual,5.981933333,Saturday,January
131E733F66D96223,electric_bike,28-01-2025 21:56,28-01-2025 22:01,casual,5.190733333,Tuesday,January
95F67431FC567598,electric_bike,25-01-2025 11:16,25-01-2025 11:25,casual,9.257583333,Saturday,January
01D489F0E6EACCF4,electric_bike,28-01-2025 15:55,28-01-2025 16:07,member,11.70878333,Tuesday,January
8DEE16C2C803E3F5,electric_bike,17-01-2025 10:37,17-01-2025 10:52,member,15.11043333,Friday,January
4C691ABF77A04389,classic_bike,29-01-2025 08:40,29-01-2025 09:14,member,34.5812,Wednesday,January
D11E4CB829935F85,classic_bike,09-01-2025 17:09,09-01-2025 17:28,member,19.2094,Thursday,January
9F1736359AEB4262,electric_bike,30-01-2025 14:07,30-01-2025 14:23,member,15.98445,Thursday,January
DFBBD3AD0DDE6325,electric_bike,08-01-2025 07:42,08-01-2025 07:46,member,3.965583333,Wednesday,January
16379BF9C412DE42,classic_bike,28-01-2025 14:45,28-01-2025 15:08,member,22.73328333,Tuesday,January
FC4BDBE87934BFFC,classic_bike,29-01-2025 15:09,29-01-2025 15:22,casual,13.00785,Wednesday,January
B880D94CAC8FDA34,classic_bike,28-01-2025 10:03,28-01-2025 10:07,member,3.434216667,Tuesday,January
B6735B3EDD0838F2,classic_bike,07-01-2025 14:06,07-01-2025 14:09,member,2.937766667,Tuesday,January
E4FCA2FA454CA7F2,classic_bike,01-01-2025 14:32,01-01-2025 14:37,member,4.164166667,Wednesday,January
F2EF00316DA8C1B1,classic_bike,17-01-2025 09:32,17-01-2025 09:47,member,14.50095,Friday,January
B45DFFEE9D99244B,classic_bike,08-01-2025 17:29,08-01-2025 17:33,member,3.85145,Wednesday,January
9801B813FE04C84D,electric_bike,09-01-2025 06:44,09-01-2025 06:52,member,7.63545,Thursday,January
DE12A15A20AE970A,classic_bike,16-01-2025 16:21,16-01-2025 16:26,member,5.0081,Thursday,January
A14671275628D6F1,classic_bike,06-01-2025 14:31,06-01-2025 14:37,member,5.155033333,Monday,January
57CB6A0318C5A58E,classic_bike,22-01-2025 13:43,22-01-2025 13:54,member,10.73248333,Wednesday,January
99380D9194B859C5,classic_bike,17-01-2025 16:20,17-01-2025 16:27,member,6.610133333,Friday,January
74CE17A53A9B4558,electric_bike,28-01-2025 08:35,28-01-2025 08:38,member,2.472416667,Tuesday,January
0F31F1698FD6C744,classic_bike,09-01-2025 17:09,09-01-2025 17:19,member,10.69606667,Thursday,January
535EB90AADF93835,classic_bike,30-01-2025 09:17,30-01-2025 09:19,member,2.505233333,Thursday,January
8549B3BAFF9781A7,classic_bike,06-01-2025 17:05,06-01-2025 17:16,member,10.8139,Monday,January
BA12F28000670657,electric_bike,16-01-2025 06:29,16-01-2025 06:33,member,4.64675,Thursday,January
D9EE244EA86F6970,classic_bike,07-01-2025 17:16,07-01-2025 17:49,member,32.67291667,Tuesday,January
4F2FD997D8DED100,electric_bike,29-01-2025 17:30,29-01-2025 17:49,member,18.76463333,Wednesday,January
8A0153FBA07C9F91,electric_bike,22-01-2025 17:31,22-01-2025 17:50,member,18.8593,Wednesday,January
0C639280F1BD91F6,classic_bike,08-01-2025 11:25,08-01-2025 11:28,member,3.028516667,Wednesday,January
68682D51CA77E42E,electric_bike,28-01-2025 13:52,28-01-2025 13:57,member,4.911383333,Tuesday,January
C7BB43128296C226,classic_bike,25-01-2025 17:28,25-01-2025 17:43,member,14.8705,Saturday,January
B437E78F988CF567,electric_bike,04-01-2025 17:37,04-01-2025 17:42,member,5.401966667,Saturday,January
B3668D0796AC2879,classic_bike,28-01-2025 16:34,28-01-2025 16:50,member,16.22378333,Tuesday,January
381AB06FFDEA66F5,electric_bike,07-01-2025 16:53,07-01-2025 16:57,member,3.446483333,Tuesday,January
7B159DAD3CF49453,electric_bike,08-01-2025 14:18,08-01-2025 14:27,member,8.6424,Wednesday,January
E25A21B3DCA80053,classic_bike,06-01-2025 08:41,06-01-2025 08:54,member,12.89375,Monday,January
82B86A4552B1DEDC,electric_bike,27-01-2025 06:58,27-01-2025 07:04,member,5.981083333,Monday,January
4EC3B566A19EFF2E,electric_bike,07-01-2025 07:31,07-01-2025 07:45,member,13.84691667,Tuesday,January
37E528E6D899F918,electric_bike,07-01-2025 17:19,07-01-2025 17:22,member,3.129416667,Tuesday,January
3158697D2C3FAAE4,classic_bike,06-01-2025 17:21,06-01-2025 17:27,member,5.631466667,Monday,January
B4E0997F174067FD,electric_bike,17-01-2025 00:57,17-01-2025 01:02,member,5.354833333,Friday,January
4176DB446BE8C67E,electric_bike,30-01-2025 09:55,30-01-2025 10:05,member,10.33366667,Thursday,January
981394C049F14727,electric_bike,13-01-2025 18:54,13-01-2025 18:57,member,3.837366667,Monday,January
D2AC52404DCC6F71,classic_bike,18-01-2025 16:30,18-01-2025 16:36,member,5.910183333,Saturday,January
60EB51B1E4BDDC9F,classic_bike,28-01-2025 11:31,28-01-2025 11:36,member,4.4114,Tuesday,January
7A32FF3E5F6D8E93,classic_bike,15-01-2025 12:08,15-01-2025 12:12,member,4.2818,Wednesday,January
2B13443CDE847707,classic_bike,07-01-2025 17:46,07-01-2025 18:04,member,18.45705,Tuesday,January
E8A0784D969490DE,classic_bike,30-01-2025 09:25,30-01-2025 09:30,member,5.702483333,Thursday,January
BCF6207454D5D8E2,electric_bike,01-01-2025 14:38,01-01-2025 14:46,member,7.49625,Wednesday,January
BB542803790F20C9,classic_bike,27-01-2025 08:58,27-01-2025 09:08,member,10.28406667,Monday,January
CDCF590E4D09EC80,classic_bike,28-01-2025 08:59,28-01-2025 09:09,member,10.24618333,Tuesday,January
6170D49AB4963058,classic_bike,13-01-2025 10:44,13-01-2025 10:53,member,8.708716667,Monday,January
86DE8A07E62B2CE0,classic_bike,30-01-2025 09:23,30-01-2025 09:32,member,9.216566667,Thursday,January
1023A6880198C6C6,classic_bike,06-01-2025 08:56,06-01-2025 09:07,member,11.25616667,Monday,January
5D2EC455305CB364,classic_bike,29-01-2025 09:47,29-01-2025 09:56,member,8.527766667,Wednesday,January
6991E4E878644A24,electric_bike,14-01-2025 08:29,14-01-2025 08:43,member,14.153,Tuesday,January
7A5FC24D860A4DA5,classic_bike,12-01-2025 15:41,12-01-2025 16:02,member,21.50443333,Sunday,January
AE3D243BDC209223,classic_bike,17-01-2025 14:49,17-01-2025 14:54,member,4.325516667,Friday,January
FCDFC522C0BF55B6,classic_bike,25-01-2025 15:51,25-01-2025 16:08,casual,17.02086667,Saturday,January
E98376B3EFD73B7C,classic_bike,17-01-2025 13:42,17-01-2025 13:47,member,5.285333333,Friday,January
DF9F9465F4558C5A,electric_bike,27-01-2025 17:32,27-01-2025 17:37,member,5.71245,Monday,January
7CA95FF9532FA93A,electric_bike,05-01-2025 14:05,05-01-2025 14:11,member,5.4777,Sunday,January
3264417F8BF7FE90,electric_bike,29-01-2025 17:23,29-01-2025 17:49,member,26.05181667,Wednesday,January
AE38C8E08339CEB0,classic_bike,14-01-2025 17:29,14-01-2025 17:36,member,7.34195,Tuesday,January
FF0AA1AF3C11D297,electric_bike,16-01-2025 17:05,16-01-2025 17:11,member,6.8221,Thursday,January
349619B127E31F1F,classic_bike,03-01-2025 21:01,03-01-2025 21:08,member,6.63425,Friday,January
BB44F20301B24999,classic_bike,25-01-2025 12:29,25-01-2025 12:32,member,3.762016667,Saturday,January
D632072E367D37A7,electric_bike,17-01-2025 02:05,17-01-2025 02:11,member,6.164116667,Friday,January
C01E01838052669A,classic_bike,16-01-2025 08:27,16-01-2025 08:36,member,8.751166667,Thursday,January
3B9C1D3F7DF47061,classic_bike,17-01-2025 15:04,17-01-2025 15:32,member,28.24566667,Friday,January
6DD6864D0E17F80F,electric_bike,07-01-2025 05:43,07-01-2025 05:48,member,5.17635,Tuesday,January
D43D3213A51E4114,classic_bike,27-01-2025 15:51,27-01-2025 15:57,member,6.182633333,Monday,January
0C4B66511055FD36,classic_bike,17-01-2025 16:18,17-01-2025 16:48,member,30.54923333,Friday,January
8091E59EEA8D4B4A,electric_bike,25-01-2025 15:31,25-01-2025 15:34,member,3.360583333,Saturday,January
9D3EEE50FD732AB3,electric_bike,13-01-2025 01:35,13-01-2025 01:41,member,5.851383333,Monday,January
68FB21F35E2322F0,electric_bike,30-01-2025 17:08,30-01-2025 17:11,member,2.755566667,Thursday,January
CA0048E4E41ACD96,classic_bike,27-01-2025 16:34,27-01-2025 16:52,member,18.49411667,Monday,January
12A7903F5E64C051,electric_bike,03-01-2025 18:28,03-01-2025 18:50,member,21.61085,Friday,January
21CE1F7D0EEEA3AA,classic_bike,08-01-2025 19:08,08-01-2025 19:38,member,29.9463,Wednesday,January
1D85C95E00F898B4,electric_bike,23-01-2025 18:18,23-01-2025 18:20,member,1.50285,Thursday,January
48D92412D8DB620A,electric_bike,08-01-2025 18:40,08-01-2025 18:47,member,7.067316667,Wednesday,January
1A1AE86F4639E43C,classic_bike,02-01-2025 09:16,02-01-2025 09:20,member,4.256166667,Thursday,January
7E201696ECCDFEC2,classic_bike,29-01-2025 05:19,29-01-2025 05:32,member,12.92398333,Wednesday,January
553BE73D4CDA287E,classic_bike,30-01-2025 05:18,30-01-2025 05:31,member,13.64345,Thursday,January
FBEF5077B56AF3F8,classic_bike,03-01-2025 05:19,03-01-2025 05:31,member,11.58366667,Friday,January
5C301A6CEB90DFE1,classic_bike,06-01-2025 11:34,06-01-2025 11:51,member,16.15875,Monday,January
F04629438B7FEBF6,electric_bike,29-01-2025 14:38,29-01-2025 14:57,member,18.37798333,Wednesday,January
262301272748FFE1,electric_bike,16-01-2025 14:58,16-01-2025 15:18,member,20.10478333,Thursday,January
43E6F290FEA97E73,classic_bike,17-01-2025 16:40,17-01-2025 16:44,member,4.463616667,Friday,January
93674D1D13A57E04,electric_bike,02-01-2025 16:56,02-01-2025 17:02,member,5.44775,Thursday,January
D20C502E60D1571A,classic_bike,09-01-2025 07:48,09-01-2025 08:13,member,24.3701,Thursday,January
F631C4C075908F05,electric_bike,16-01-2025 09:40,16-01-2025 09:55,member,15.33675,Thursday,January
BB3BFA972B097DEC,classic_bike,15-01-2025 11:37,15-01-2025 11:39,member,1.9092,Wednesday,January
D9BF81C1743A2D74,electric_bike,28-01-2025 16:26,28-01-2025 16:28,member,1.793816667,Tuesday,January
64EFF1119E449B06,classic_bike,19-01-2025 11:54,19-01-2025 12:12,member,18.28091667,Sunday,January
BA64036385FDC8EA,classic_bike,08-01-2025 16:21,08-01-2025 16:26,member,4.6286,Wednesday,January
15C96A671DD1BE31,classic_bike,08-01-2025 15:44,08-01-2025 15:58,member,13.92246667,Wednesday,January
AE7C5C83AD69B4D2,electric_bike,16-01-2025 08:35,16-01-2025 08:40,member,5.143533333,Thursday,January
C63F46C9532AD825,classic_bike,05-01-2025 14:08,05-01-2025 14:15,member,7.053516667,Sunday,January
6676FB805C6887CB,classic_bike,29-01-2025 12:26,29-01-2025 12:32,member,6.579383333,Wednesday,January
2151B44859F916A3,classic_bike,19-01-2025 12:52,19-01-2025 13:32,member,40.28023333,Sunday,January
1DC14F1D7D34339C,electric_bike,13-01-2025 07:23,13-01-2025 07:34,member,10.3098,Monday,January
45644465331BA958,classic_bike,21-01-2025 18:11,21-01-2025 18:16,member,5.770833333,Tuesday,January
A928D7D4B7294E07,classic_bike,29-01-2025 13:09,29-01-2025 13:12,member,2.638783333,Wednesday,January
B0F86B439A7CBBF7,classic_bike,18-01-2025 08:22,18-01-2025 08:25,member,3.067583333,Saturday,January
383C6807F85D63E4,classic_bike,11-01-2025 14:52,11-01-2025 14:56,member,4.265966667,Saturday,January
8E0FB02DB8F53E44,electric_bike,03-01-2025 10:28,03-01-2025 10:35,member,7.122616667,Friday,January
20B8C3649294DEAD,classic_bike,27-01-2025 09:41,27-01-2025 09:52,member,10.72523333,Monday,January
9D7A97F54115FF67,classic_bike,01-01-2025 17:09,01-01-2025 17:17,member,7.513733333,Wednesday,January
D31F1E7F8B3D1F87,electric_bike,05-01-2025 13:57,05-01-2025 14:06,member,9.31615,Sunday,January
B151C17B15353FBB,classic_bike,02-01-2025 12:07,02-01-2025 12:09,member,2.213116667,Thursday,January
248D55F50B526891,classic_bike,16-01-2025 17:43,16-01-2025 17:47,member,4.646916667,Thursday,January
BCC6D78FBEB0C5C7,electric_bike,28-01-2025 18:26,28-01-2025 18:30,member,4.1227,Tuesday,January
E91C5105D7EE191C,electric_bike,02-01-2025 17:21,02-01-2025 17:26,member,4.855166667,Thursday,January
7657CB167F0C8D2F,electric_bike,02-01-2025 17:47,02-01-2025 17:54,member,6.947833333,Thursday,January
C6C06C47CAC51778,classic_bike,29-01-2025 08:38,29-01-2025 08:40,member,2.824866667,Wednesday,January
4C094B306D3A5AC6,classic_bike,06-01-2025 17:04,06-01-2025 17:11,member,7.14745,Monday,January
2C6674BE6B320123,electric_bike,08-01-2025 15:03,08-01-2025 15:09,member,5.403033333,Wednesday,January
C83EBA0FD68F0AAC,classic_bike,17-01-2025 08:10,17-01-2025 08:44,member,34.16888333,Friday,January
8A90C17B19B0D9E6,electric_bike,27-01-2025 14:03,27-01-2025 14:23,member,20.14725,Monday,January
B4A5F616E4F498C8,classic_bike,28-01-2025 17:14,28-01-2025 17:20,member,5.762233333,Tuesday,January
73FF752FAC09667B,electric_bike,11-01-2025 15:52,11-01-2025 15:58,member,6.5952,Saturday,January
82987C5C371E5DC1,classic_bike,17-01-2025 16:32,17-01-2025 16:40,member,8.74725,Friday,January
9C99185DF5ADB053,classic_bike,12-01-2025 15:08,12-01-2025 15:23,member,15.75371667,Sunday,January
E760CD6BC12C3B92,classic_bike,15-01-2025 08:37,15-01-2025 08:51,member,14.42711667,Wednesday,January
2952AAAC50D3EF70,electric_bike,28-01-2025 19:49,28-01-2025 19:59,member,9.557083333,Tuesday,January
AA52CD9B76B5CB74,electric_bike,31-01-2025 06:21,31-01-2025 06:34,casual,13.2864,Friday,January
56318C8A1426647B,electric_bike,03-01-2025 13:24,03-01-2025 13:36,casual,12.76675,Friday,January
92F7F305AC9A7BFC,classic_bike,03-01-2025 12:13,03-01-2025 12:15,member,2.088983333,Friday,January
2E9463ED901AE326,classic_bike,12-01-2025 13:46,12-01-2025 13:53,member,7.487516667,Sunday,January
88B083B7B6776DCE,classic_bike,24-01-2025 12:11,24-01-2025 12:16,member,5.2564,Friday,January
A47E708A90721523,electric_bike,16-01-2025 11:30,16-01-2025 11:31,member,0.618083333,Thursday,January
F583B566CEEB610A,electric_bike,16-01-2025 14:47,16-01-2025 14:47,member,0.41955,Thursday,January
CD8769B63967F5F1,electric_bike,24-01-2025 05:25,24-01-2025 05:31,member,5.981766667,Friday,January
C91E30E62D45E50C,classic_bike,16-01-2025 18:29,16-01-2025 18:48,member,19.15778333,Thursday,January
DDD0FC8225D240F2,classic_bike,04-01-2025 11:06,04-01-2025 11:14,member,8.31255,Saturday,January
48C3D1AA6C3B047B,classic_bike,22-01-2025 19:40,22-01-2025 19:49,member,8.5046,Wednesday,January
AA3EFB9653A9F88E,classic_bike,01-01-2025 12:05,01-01-2025 12:14,member,9.7574,Wednesday,January
45A89FFC11551A6D,classic_bike,10-01-2025 07:38,10-01-2025 07:48,member,9.984983333,Friday,January
AD5013218772829F,classic_bike,08-01-2025 18:38,08-01-2025 18:43,member,4.230016667,Wednesday,January
FC7CF072DBCF6E84,classic_bike,11-01-2025 14:31,11-01-2025 15:03,casual,31.58735,Saturday,January
B2B97DE307E61529,electric_bike,26-01-2025 15:23,26-01-2025 15:31,casual,8.74965,Sunday,January
D4B452F58FA3DCBD,electric_bike,24-01-2025 23:35,24-01-2025 23:40,casual,4.57445,Friday,January
9CDCEC48A53B84C1,classic_bike,16-01-2025 15:40,16-01-2025 15:49,member,8.864066667,Thursday,January
80E4B42A77844FAF,electric_bike,29-01-2025 15:31,29-01-2025 16:11,member,40.18868333,Wednesday,January
A29A7F150DE4EF7B,classic_bike,18-01-2025 15:53,18-01-2025 16:03,member,10.30163333,Saturday,January
4D8B6CDFDA20493D,classic_bike,27-01-2025 14:21,27-01-2025 14:33,member,12.17625,Monday,January
8200C85F7DE3CE99,classic_bike,11-01-2025 11:34,11-01-2025 11:46,member,11.83416667,Saturday,January
F6BA4710EBB164F5,electric_bike,16-01-2025 19:06,16-01-2025 19:20,member,13.92878333,Thursday,January
80FF8A3A2F224AD6,classic_bike,01-01-2025 13:26,01-01-2025 13:41,member,14.47465,Wednesday,January
91A71088D09BD0BD,classic_bike,30-01-2025 16:46,30-01-2025 16:58,member,11.82983333,Thursday,January
B33B76D130DFEFE6,classic_bike,11-01-2025 15:37,11-01-2025 15:40,member,2.118266667,Saturday,January
B6ACB6A3501B358B,electric_bike,13-01-2025 10:05,13-01-2025 10:08,casual,3.048333333,Monday,January
5CAB6BDA691EE725,classic_bike,14-01-2025 20:46,14-01-2025 20:57,member,10.99596667,Tuesday,January
BC80D2CA99D8C3B8,electric_bike,17-01-2025 23:28,17-01-2025 23:46,member,18.40186667,Friday,January
73A3458B6C05214C,electric_bike,09-01-2025 07:56,09-01-2025 08:22,member,25.6424,Thursday,January
62C76D7760DA7264,classic_bike,07-01-2025 06:33,07-01-2025 06:47,member,14.67571667,Tuesday,January
7BE52DABA470C5D5,electric_bike,09-01-2025 14:46,09-01-2025 14:57,member,11.00946667,Thursday,January
F1BD39BC84C2FD51,electric_bike,20-01-2025 11:43,20-01-2025 11:50,member,6.478166667,Monday,January
8C7917719F245CDF,electric_bike,15-01-2025 21:02,15-01-2025 21:44,member,42.3388,Wednesday,January
D75B7891ECA2A46B,classic_bike,30-01-2025 16:09,30-01-2025 16:32,member,23.56428333,Thursday,January
937B95D6FB51772F,classic_bike,28-01-2025 15:39,28-01-2025 16:01,member,22.25491667,Tuesday,January
818C4E9E498C1CAE,classic_bike,16-01-2025 18:55,16-01-2025 19:03,member,7.662183333,Thursday,January
70C3B1683A1328EA,electric_bike,02-01-2025 20:28,02-01-2025 20:39,member,11.22448333,Thursday,January
ADCC8280190AD7DC,classic_bike,28-01-2025 13:53,28-01-2025 14:02,member,9.387316667,Tuesday,January
78373AC38AA0088D,electric_bike,27-01-2025 08:45,27-01-2025 08:49,member,4.49585,Monday,January
2569DFC39DA9C8E3,classic_bike,21-01-2025 08:30,21-01-2025 08:35,member,5.2705,Tuesday,January
F75986BF2C385955,classic_bike,26-01-2025 11:55,26-01-2025 12:06,member,10.66108333,Sunday,January
1AC9CA4AFE4B537A,electric_bike,16-01-2025 13:32,16-01-2025 13:38,member,6.350866667,Thursday,January
B3D14E26BBED10EE,classic_bike,11-01-2025 15:28,11-01-2025 15:47,member,18.97996667,Saturday,January
AC9A362146B91DC7,classic_bike,14-01-2025 13:24,14-01-2025 13:45,member,20.33415,Tuesday,January
1987E98CAC355D50,electric_bike,03-01-2025 09:43,03-01-2025 09:45,member,1.6592,Friday,January
3BB47698365EBCB4,electric_bike,25-01-2025 17:12,25-01-2025 17:19,casual,7.4014,Saturday,January
822D1310A9769AC8,electric_bike,28-01-2025 07:47,28-01-2025 07:56,member,9.473466667,Tuesday,January
72825B450C03FA71,electric_bike,16-01-2025 07:54,16-01-2025 08:07,member,13.51593333,Thursday,January
F883A8EF2BA1B3DC,electric_bike,17-01-2025 07:47,17-01-2025 08:00,member,12.37198333,Friday,January
D391E21A3376A7AA,electric_bike,07-01-2025 22:06,07-01-2025 22:26,member,19.5699,Tuesday,January
1807B85A51E2B0A9,classic_bike,25-01-2025 19:09,25-01-2025 19:23,member,13.6624,Saturday,January
15FFDEC31351A3EE,classic_bike,16-01-2025 19:53,16-01-2025 20:07,member,13.61366667,Thursday,January
CC6E085C3E72A1E4,classic_bike,31-01-2025 14:15,31-01-2025 14:29,member,13.71415,Friday,January
6B5E75BD313CF8B9,classic_bike,01-01-2025 14:23,01-01-2025 14:38,member,14.04366667,Wednesday,January
C0C9CF9EB9206D58,electric_bike,23-01-2025 12:11,23-01-2025 12:19,member,8.7369,Thursday,January
17D700995824E844,electric_bike,11-01-2025 13:14,11-01-2025 13:17,member,3.23815,Saturday,January
692FF1F5D49A8473,electric_bike,02-01-2025 16:50,02-01-2025 16:55,member,5.203916667,Thursday,January
F1AD367A000D2B5B,classic_bike,09-01-2025 08:19,09-01-2025 08:26,member,6.369983333,Thursday,January
9871F3D2DC83CDC3,electric_bike,13-01-2025 23:06,13-01-2025 23:11,member,5.3141,Monday,January
8E1B1D581DAB57BF,electric_bike,17-01-2025 23:27,17-01-2025 23:33,member,5.542333333,Friday,January
C059CE9DC593B40B,electric_bike,09-01-2025 13:25,09-01-2025 13:45,member,20.25395,Thursday,January
4469021914931CB6,electric_bike,08-01-2025 15:50,08-01-2025 15:55,member,4.599266667,Wednesday,January
A3092B5857B60394,classic_bike,12-01-2025 16:22,12-01-2025 16:28,member,6.704966667,Sunday,January
91560631F13B5A42,electric_bike,08-01-2025 18:26,08-01-2025 18:30,member,4.261933333,Wednesday,January
EDA787BD755816EC,electric_bike,09-01-2025 14:50,09-01-2025 14:59,member,8.823316667,Thursday,January
47F5D14CF79C0223,electric_bike,02-01-2025 17:40,02-01-2025 17:47,member,6.986266667,Thursday,January
F373E72CE315B82F,electric_bike,16-01-2025 06:44,16-01-2025 06:47,member,3.87445,Thursday,January
F2B0314C06F54B33,classic_bike,17-01-2025 07:52,17-01-2025 08:02,member,9.516016667,Friday,January
975A1BD99A1656C5,classic_bike,04-01-2025 15:16,04-01-2025 15:21,member,5.068883333,Saturday,January
38FCA190EA9E3B98,electric_bike,12-01-2025 12:51,12-01-2025 13:10,member,18.60208333,Sunday,January
B36139A6230BF890,electric_bike,06-01-2025 09:02,06-01-2025 09:10,member,7.79025,Monday,January
4D3899EAA5AFCC97,electric_bike,26-01-2025 09:35,26-01-2025 09:41,member,5.509416667,Sunday,January
69F7E6F70107364C,classic_bike,15-01-2025 07:29,15-01-2025 07:42,member,13.34628333,Wednesday,January
9865491EA4106FE1,classic_bike,24-01-2025 15:13,24-01-2025 15:27,member,14.28575,Friday,January
42BBCB77BBB0B3FD,classic_bike,27-01-2025 07:38,27-01-2025 07:40,member,2.448616667,Monday,January
80863710AC1580F2,electric_bike,09-01-2025 10:04,09-01-2025 10:09,member,5.862016667,Thursday,January
52E1A1C6D5B4143B,electric_bike,24-01-2025 16:58,24-01-2025 17:05,member,6.987133333,Friday,January
667D092F3E08D48B,electric_bike,31-01-2025 16:28,31-01-2025 16:33,member,5.254633333,Friday,January
4DE6E4EA2D349985,electric_bike,03-01-2025 05:44,03-01-2025 05:46,member,2.229333333,Friday,January
75647297F3520A24,electric_bike,28-01-2025 07:56,28-01-2025 08:09,member,12.45275,Tuesday,January
A287833E05D8F1CC,electric_bike,18-01-2025 12:21,18-01-2025 12:34,member,13.71406667,Saturday,January
035122E2BF5D9F97,electric_bike,26-01-2025 17:21,26-01-2025 17:30,member,9.50905,Sunday,January
A04636B7E0AF02E8,electric_bike,09-01-2025 05:35,09-01-2025 05:41,member,5.700533333,Thursday,January
73072BE00E9CBA22,electric_bike,17-01-2025 05:38,17-01-2025 05:45,member,6.594583333,Friday,January
24E071F04E53302C,electric_bike,28-01-2025 14:42,28-01-2025 14:47,member,4.666866667,Tuesday,January
A12167004E9BFE77,electric_bike,08-01-2025 12:02,08-01-2025 12:06,member,3.826916667,Wednesday,January
09A80398B3F329BA,electric_bike,27-01-2025 07:40,27-01-2025 07:49,member,8.618883333,Monday,January
3BD0D9B6A34B4965,electric_bike,15-01-2025 08:18,15-01-2025 08:21,member,3.8406,Wednesday,January
8F58727FE4BD71B0,electric_bike,09-01-2025 16:10,09-01-2025 16:21,member,11.15013333,Thursday,January
48777A3CC805BE85,electric_bike,06-01-2025 16:09,06-01-2025 16:24,member,14.94075,Monday,January
6C9D7CE970876749,classic_bike,25-01-2025 17:57,25-01-2025 20:01,casual,123.3248,Saturday,January
8CA9E70840E15F40,electric_bike,05-01-2025 18:54,05-01-2025 19:02,member,7.03665,Sunday,January
2FA0E58CC87A551E,electric_bike,14-01-2025 07:31,14-01-2025 07:35,member,3.81325,Tuesday,January
EF132359E0CBBF40,electric_bike,22-01-2025 16:05,22-01-2025 16:10,member,4.283883333,Wednesday,January
507BA582033912B4,classic_bike,09-01-2025 18:22,09-01-2025 18:27,member,4.599783333,Thursday,January
DCFFF677E3253390,classic_bike,28-01-2025 18:15,28-01-2025 18:20,member,4.708933333,Tuesday,January
BBAEDC124C8C5528,electric_bike,17-01-2025 23:39,17-01-2025 23:48,member,8.744933333,Friday,January
56A076C0496681FD,electric_bike,17-01-2025 08:33,17-01-2025 08:38,member,4.918533333,Friday,January
85883BAA4EEC4667,classic_bike,01-01-2025 17:03,01-01-2025 17:21,member,17.86195,Wednesday,January
BFA6A30022D30445,classic_bike,17-01-2025 17:34,17-01-2025 17:38,member,3.97345,Friday,January
CA6EF5BB8CAC66E3,classic_bike,29-01-2025 12:13,29-01-2025 12:33,member,20.33708333,Wednesday,January
22815E15A15F6A77,electric_bike,12-01-2025 13:18,12-01-2025 13:34,member,16.5771,Sunday,January
76E2D21D75F51A5F,classic_bike,22-01-2025 08:01,22-01-2025 08:17,member,15.90378333,Wednesday,January
16C482802A0C64C7,classic_bike,13-01-2025 07:52,13-01-2025 08:09,member,17.03571667,Monday,January
66216FB71AA55EBB,classic_bike,06-01-2025 07:57,06-01-2025 08:11,member,13.58761667,Monday,January
032D78B4A65641A1,electric_bike,03-01-2025 16:39,03-01-2025 16:52,member,13.3349,Friday,January
82B48184D231397B,electric_bike,04-01-2025 16:32,04-01-2025 16:51,member,19.196,Saturday,January
190332DCAC5BF0DC,electric_bike,13-01-2025 21:38,13-01-2025 21:51,member,13.36986667,Monday,January
C0BCABC2BD1FBC1D,electric_bike,18-01-2025 16:39,18-01-2025 16:53,member,13.90031667,Saturday,January
73EA4070BBA48AA8,electric_bike,01-01-2025 09:33,01-01-2025 09:44,member,11.23748333,Wednesday,January
EA294E880BFF4DC1,electric_bike,05-01-2025 16:41,05-01-2025 16:55,member,13.91561667,Sunday,January
3A2FA15E9AF1143C,electric_bike,10-01-2025 16:39,10-01-2025 16:58,member,18.7956,Friday,January
96B483BB30AD2E6B,classic_bike,11-01-2025 09:58,11-01-2025 10:39,member,41.12048333,Saturday,January
3AC2EE1342900AA8,electric_bike,06-01-2025 16:53,06-01-2025 17:04,member,11.40476667,Monday,January
34958C248EB15415,classic_bike,21-01-2025 18:15,21-01-2025 18:34,member,18.71185,Tuesday,January
A01F42C77C514D9B,electric_bike,13-01-2025 08:11,13-01-2025 08:13,member,1.78565,Monday,January
D944B1E36A9BA5B4,electric_bike,23-01-2025 20:27,23-01-2025 20:29,member,2.5418,Thursday,January
4B60E1ED63FFB815,electric_bike,15-01-2025 15:59,15-01-2025 16:06,member,7.318566667,Wednesday,January
89BDDB845860EB7E,electric_bike,15-01-2025 19:42,15-01-2025 19:53,member,10.71481667,Wednesday,January
30868DB624F14AF7,classic_bike,14-01-2025 16:44,14-01-2025 16:55,member,11.14576667,Tuesday,January
A95F186AA81A03D0,classic_bike,04-01-2025 13:38,04-01-2025 13:43,member,4.511683333,Saturday,January
5B3D2EBF1AFF418E,classic_bike,17-01-2025 12:33,17-01-2025 12:59,member,26.01685,Friday,January
DFCE2F23FE21BF72,classic_bike,02-01-2025 17:18,02-01-2025 17:53,member,34.35611667,Thursday,January
18E668A3542C401B,electric_bike,01-01-2025 08:02,01-01-2025 08:12,member,9.49335,Wednesday,January
647D7A830386BAB5,electric_bike,25-01-2025 23:17,25-01-2025 23:40,member,22.87656667,Saturday,January
C0C8F08FD81A0ADA,classic_bike,30-01-2025 14:42,30-01-2025 14:46,member,3.658983333,Thursday,January
6E18961B1C6BA826,electric_bike,16-01-2025 11:06,16-01-2025 11:10,member,4.174866667,Thursday,January
3E78B561EB5D628B,electric_bike,10-01-2025 17:00,10-01-2025 17:05,member,4.765166667,Friday,January
B83861B277835347,electric_bike,15-01-2025 12:12,15-01-2025 12:16,member,3.41755,Wednesday,January
4C1D21C99B9AE9B8,classic_bike,15-01-2025 17:30,15-01-2025 17:43,member,13.0387,Wednesday,January
FA1A56A1791C82F6,electric_bike,11-01-2025 17:02,11-01-2025 17:11,member,9.300066667,Saturday,January
746C0C5295585F3E,electric_bike,08-01-2025 16:15,08-01-2025 16:21,member,5.654466667,Wednesday,January
59F8DDCE45C01057,electric_bike,23-01-2025 16:01,23-01-2025 16:06,member,5.1044,Thursday,January
2428E34A2E7F17FC,electric_bike,16-01-2025 16:00,16-01-2025 16:05,member,5.1717,Thursday,January
962CBDAA5526EFB1,electric_bike,17-01-2025 23:44,18-01-2025 00:03,member,18.7948,Friday,January
DB801AA029393F79,classic_bike,17-01-2025 17:54,17-01-2025 18:23,member,29.68501667,Friday,January
24FE1AFADF71C470,classic_bike,21-01-2025 10:26,21-01-2025 10:29,member,3.36615,Tuesday,January
D9B84DE5177DE771,classic_bike,16-01-2025 18:02,16-01-2025 18:27,member,24.6038,Thursday,January
67ED1F1ECC07BC44,classic_bike,21-01-2025 15:09,21-01-2025 15:15,member,6.752783333,Tuesday,January
A40DBFA85A380A89,classic_bike,16-01-2025 15:11,16-01-2025 15:17,member,5.661883333,Thursday,January
2D8BEDC344CA8FFE,electric_bike,22-01-2025 13:54,22-01-2025 13:57,member,3.103416667,Wednesday,January
4F68F7827B6012EE,classic_bike,03-01-2025 17:04,03-01-2025 17:10,member,6.065183333,Friday,January
7630A73C0028F0C7,classic_bike,24-01-2025 13:12,24-01-2025 13:15,member,3.5234,Friday,January
25B3A599C72CCEAE,electric_bike,26-01-2025 17:42,26-01-2025 17:44,member,2.06955,Sunday,January
B2FED56B71DC0F32,electric_bike,30-01-2025 16:59,30-01-2025 17:05,member,6.75075,Thursday,January
18AF937887008E11,electric_bike,19-01-2025 02:55,19-01-2025 03:00,casual,5.480016667,Sunday,January
734943BF4428D8F1,classic_bike,11-01-2025 01:24,11-01-2025 01:35,casual,11.13183333,Saturday,January
5C92D376A7AF8566,electric_bike,25-01-2025 15:09,25-01-2025 15:17,member,8.75575,Saturday,January
3E20A8872F422C89,electric_bike,22-01-2025 19:53,22-01-2025 20:38,member,45.05033333,Wednesday,January
38A520D4CA041699,classic_bike,15-01-2025 14:53,15-01-2025 15:01,member,7.655133333,Wednesday,January
E23AA927DBF04938,electric_bike,03-01-2025 14:02,03-01-2025 14:05,member,3.152333333,Friday,January
A17FDC1939F93467,classic_bike,18-01-2025 09:49,18-01-2025 10:28,member,38.46625,Saturday,January
57B05407E69A399D,electric_bike,29-01-2025 17:03,29-01-2025 17:15,member,12.51276667,Wednesday,January
6953C6E04587E9B6,classic_bike,20-01-2025 11:56,20-01-2025 12:00,member,3.986466667,Monday,January
20FB65AFA9789102,classic_bike,29-01-2025 18:32,29-01-2025 18:39,member,6.06935,Wednesday,January
09407A2E39E403B7,classic_bike,05-01-2025 13:37,05-01-2025 13:51,member,13.97891667,Sunday,January
EB7EC5F7988742E6,classic_bike,17-01-2025 12:32,17-01-2025 12:46,member,14.64233333,Friday,January
6CCE2B335CC40949,electric_bike,15-01-2025 17:24,15-01-2025 17:31,member,6.665816667,Wednesday,January
473B55D351097749,electric_bike,28-01-2025 18:26,28-01-2025 18:36,member,10.72283333,Tuesday,January
143D81EF2069ACE9,electric_bike,18-01-2025 16:55,18-01-2025 17:39,member,43.13696667,Saturday,January
BF16A3FE9999F9E5,classic_bike,25-01-2025 12:26,25-01-2025 12:40,member,14.50216667,Saturday,January
B1F9FE033F70DA91,electric_bike,24-01-2025 16:47,24-01-2025 16:52,member,4.4816,Friday,January
B2E499E21B07EE33,electric_bike,30-01-2025 06:50,30-01-2025 06:54,member,3.53685,Thursday,January
6ADBA09EF7AE65EF,electric_bike,29-01-2025 19:22,29-01-2025 19:26,member,4.56215,Wednesday,January
4A6A79D4BB661233,electric_bike,04-01-2025 12:48,04-01-2025 12:52,member,4.2878,Saturday,January
9194F1CE0BDAABE9,classic_bike,05-01-2025 09:45,05-01-2025 10:16,member,31.14591667,Sunday,January
71179C259E607386,electric_bike,11-01-2025 16:13,11-01-2025 16:15,member,2.323666667,Saturday,January
E3495A1A39765BFC,electric_bike,02-01-2025 08:23,02-01-2025 08:40,member,17.04978333,Thursday,January
607058341DBB010C,classic_bike,28-01-2025 08:25,28-01-2025 08:49,member,23.97808333,Tuesday,January
4869930F067E2800,classic_bike,09-01-2025 08:31,09-01-2025 08:43,member,12.66641667,Thursday,January
48727E10A14D5076,electric_bike,13-01-2025 07:22,13-01-2025 07:30,member,7.681066667,Monday,January
2A3D677B22A50E05,classic_bike,24-01-2025 09:34,24-01-2025 09:41,member,7.961683333,Friday,January
1604D231CEB88A2C,classic_bike,30-01-2025 07:13,30-01-2025 07:23,member,10.04748333,Thursday,January
5B3DDF1378215475,electric_bike,09-01-2025 07:44,09-01-2025 07:54,member,9.3479,Thursday,January
DD634E70BCBEC1F8,electric_bike,29-01-2025 14:59,29-01-2025 15:35,member,35.46123333,Wednesday,January
BB6D2CF8E79C2785,electric_bike,29-01-2025 16:33,29-01-2025 16:56,member,23.48955,Wednesday,January
8435DB81FA9C5E8E,electric_bike,31-01-2025 08:01,31-01-2025 08:09,member,8.283366667,Friday,January
8E32513C14C5CD86,classic_bike,23-01-2025 17:26,23-01-2025 17:35,member,9.04445,Thursday,January
4EE1F8E55173C663,classic_bike,13-01-2025 17:07,13-01-2025 17:16,member,9.179316667,Monday,January
445366FA7C3FAE76,classic_bike,28-01-2025 07:51,28-01-2025 08:05,member,14.38106667,Tuesday,January
1FDBB76D8D362560,classic_bike,09-01-2025 07:59,09-01-2025 08:13,member,13.54296667,Thursday,January
D5D66CA288167BB6,classic_bike,23-01-2025 08:29,23-01-2025 08:35,member,6.79215,Thursday,January
AE6A1B4CF73EE499,classic_bike,11-01-2025 16:04,11-01-2025 16:17,casual,12.19785,Saturday,January
71544A706EDA767F,electric_bike,28-01-2025 16:09,28-01-2025 16:16,casual,7.845716667,Tuesday,January
520E1A8A35D781C4,electric_bike,24-01-2025 12:19,24-01-2025 12:26,member,6.470283333,Friday,January
7EAD6844D7E53D6A,electric_bike,24-01-2025 13:26,24-01-2025 13:33,member,6.801366667,Friday,January
8AC40574518E06B4,classic_bike,28-01-2025 08:38,28-01-2025 08:53,member,14.38408333,Tuesday,January
F6770F1E6E7C7DA5,electric_bike,28-01-2025 18:57,28-01-2025 19:02,member,4.703266667,Tuesday,January
C5B17E8E36373923,classic_bike,31-01-2025 17:59,31-01-2025 18:02,member,2.7733,Friday,January
4A482480517BFD3B,classic_bike,10-01-2025 20:29,10-01-2025 20:53,member,24.7186,Friday,January
A1B6201C6EE373AD,electric_bike,28-01-2025 17:12,28-01-2025 17:24,member,11.74461667,Tuesday,January
85E7FE8812DF951F,electric_bike,05-01-2025 17:05,05-01-2025 17:16,member,11.39718333,Sunday,January
C6714E6DD07122B5,electric_bike,29-01-2025 18:22,29-01-2025 18:32,member,10.0212,Wednesday,January
A91140AF549FB0CA,classic_bike,31-01-2025 14:58,31-01-2025 15:34,member,36.14626667,Friday,January
37556B1B55366F8C,classic_bike,17-01-2025 16:40,17-01-2025 16:53,member,12.88353333,Friday,January
98ACC33E6805D62D,electric_bike,01-01-2025 16:15,01-01-2025 16:32,casual,17.60903333,Wednesday,January
E47077BCE0FE05D8,classic_bike,07-01-2025 18:26,07-01-2025 18:58,casual,32.13806667,Tuesday,January
EF405039FE6072BE,classic_bike,04-01-2025 18:42,04-01-2025 19:05,member,23.19863333,Saturday,January
BE4E56E8C090EF6B,electric_bike,12-01-2025 18:28,12-01-2025 18:33,casual,5.185883333,Sunday,January
0BE41BB69AFA536D,electric_bike,18-01-2025 15:53,18-01-2025 16:05,member,11.63546667,Saturday,January
2D86BBD02C0AD2DF,classic_bike,29-01-2025 10:56,29-01-2025 11:15,member,19.88365,Wednesday,January
500EBB88FC5BC679,electric_bike,09-01-2025 22:08,09-01-2025 22:16,member,8.144466667,Thursday,January
C875F73804A27E8B,electric_bike,24-01-2025 12:59,24-01-2025 13:05,member,5.90005,Friday,January
76FB5DAEF689FCDD,electric_bike,11-01-2025 21:23,11-01-2025 21:29,member,6.594666667,Saturday,January
2A1A898A5AF28C23,electric_bike,22-01-2025 21:01,22-01-2025 21:16,member,15.08663333,Wednesday,January
1470F71AA11B57E1,classic_bike,16-01-2025 21:27,16-01-2025 21:46,member,19.58488333,Thursday,January
26E87D90C57C9594,electric_bike,14-01-2025 19:01,14-01-2025 19:04,member,3.347966667,Tuesday,January
A3A5DCD2FA5E13C4,electric_bike,27-01-2025 16:16,27-01-2025 17:00,member,43.72956667,Monday,January
030517F720C644FB,electric_bike,08-01-2025 07:45,08-01-2025 07:48,casual,3.742233333,Wednesday,January
690A9E26218B350C,electric_bike,29-01-2025 19:58,29-01-2025 20:03,member,5.812483333,Wednesday,January
0AF247C9E75498F3,electric_bike,16-01-2025 18:49,16-01-2025 18:50,member,1.26755,Thursday,January
1CFA3CE7F91075AB,classic_bike,07-01-2025 18:01,07-01-2025 18:14,member,12.85373333,Tuesday,January
FE90BF66452A0F99,classic_bike,18-01-2025 18:22,18-01-2025 18:32,member,9.273366667,Saturday,January
AD3183F26DE85AF7,classic_bike,28-01-2025 09:00,28-01-2025 09:09,member,9.173916667,Tuesday,January
703EBBD3C8CB2E0D,classic_bike,02-01-2025 12:59,02-01-2025 13:24,member,24.33791667,Thursday,January
63B8D4500C312CD1,electric_bike,08-01-2025 23:46,08-01-2025 23:57,casual,11.1107,Wednesday,January
3C66EBAB60EBAFD0,classic_bike,22-01-2025 14:39,22-01-2025 14:46,member,7.81115,Wednesday,January
41A9E1D656FD9C16,classic_bike,23-01-2025 12:19,23-01-2025 12:29,member,9.122233333,Thursday,January
D7901768518B1565,electric_bike,01-01-2025 00:58,01-01-2025 01:07,member,8.957816667,Wednesday,January
D51DCE1F6687ACA5,classic_bike,31-01-2025 16:54,31-01-2025 17:03,member,9.164983333,Friday,January
E6572FB7EB31D0B5,electric_bike,06-01-2025 17:27,06-01-2025 17:34,member,7.4827,Monday,January
C383D9A9EDF8D04F,electric_bike,18-01-2025 13:48,18-01-2025 14:02,member,13.64426667,Saturday,January
2240E17DE2DAF5B2,electric_bike,09-01-2025 19:42,09-01-2025 19:59,member,17.49908333,Thursday,January
66ED64A24CB248C9,classic_bike,16-01-2025 15:49,16-01-2025 16:13,member,24.21928333,Thursday,January
ACA8AE2CF7156E1C,electric_bike,29-01-2025 18:57,29-01-2025 19:14,member,16.7817,Wednesday,January
A8590ED36676E3E1,classic_bike,27-01-2025 15:34,27-01-2025 15:39,member,5.722216667,Monday,January
338E7457199AAA08,classic_bike,04-01-2025 19:16,04-01-2025 19:27,casual,10.72875,Saturday,January
CE153A914C7D81A0,electric_bike,18-01-2025 15:27,18-01-2025 15:29,member,2.142483333,Saturday,January
B2A355D8F79B5032,electric_bike,16-01-2025 15:23,16-01-2025 15:30,member,6.49075,Thursday,January
51AD5B11DD31CA91,classic_bike,07-01-2025 22:46,07-01-2025 22:53,member,7.254383333,Tuesday,January
049F0D0CF8F4562A,electric_bike,07-01-2025 18:55,07-01-2025 19:02,member,7.173166667,Tuesday,January
AEB91B17979C991F,electric_bike,27-01-2025 18:07,27-01-2025 18:12,casual,4.9613,Monday,January
20171550623C898D,electric_bike,04-01-2025 16:02,04-01-2025 16:20,member,17.68701667,Saturday,January
7D485FA3C2FC7AA1,electric_bike,05-01-2025 18:05,05-01-2025 18:10,member,5.690016667,Sunday,January
480EE2F0FDBA8353,classic_bike,31-01-2025 19:02,31-01-2025 19:04,member,2.318283333,Friday,January
A0E2C883A8D0243F,electric_bike,24-01-2025 19:22,24-01-2025 20:39,member,77.38498333,Friday,January
4C24189FE021C148,electric_bike,14-01-2025 17:24,14-01-2025 17:38,member,13.61915,Tuesday,January
0219415718A23094,electric_bike,07-01-2025 12:48,07-01-2025 12:53,member,5.066666667,Tuesday,January
2F97A2A0F45E9E00,electric_bike,06-01-2025 16:39,06-01-2025 16:55,member,15.8874,Monday,January
65EE789CFFA30BD9,electric_bike,06-01-2025 17:04,06-01-2025 17:48,member,44.03201667,Monday,January
22282545FFDC2B1A,electric_bike,05-01-2025 20:58,05-01-2025 21:09,member,10.96451667,Sunday,January
2E134973FC61AC04,electric_bike,28-01-2025 18:16,28-01-2025 19:35,member,79.14306667,Tuesday,January
A1DCEDDB56A472DC,electric_bike,28-01-2025 19:50,28-01-2025 21:17,member,87.21771667,Tuesday,January
94D1E5AE013DFC5B,electric_bike,29-01-2025 16:40,29-01-2025 16:56,member,15.80248333,Wednesday,January
C8B330AF913D0637,electric_bike,29-01-2025 17:24,29-01-2025 19:59,member,155.5599333,Wednesday,January
BCE590EC11825D58,classic_bike,18-01-2025 17:16,18-01-2025 17:51,member,34.51485,Saturday,January
A3E76BD1B9D79CF5,electric_bike,07-01-2025 18:34,07-01-2025 18:43,member,9.210066667,Tuesday,January
EF5DDC884380D69B,electric_bike,17-01-2025 20:24,17-01-2025 20:43,member,19.00348333,Friday,January
9330130CBDB51006,electric_bike,20-01-2025 17:33,20-01-2025 17:43,member,10.25043333,Monday,January
59E2ED7EFF7335C6,electric_bike,09-01-2025 10:22,09-01-2025 10:34,member,12.00493333,Thursday,January
0B7F421153C93E55,electric_bike,25-01-2025 09:49,25-01-2025 09:57,member,7.620033333,Saturday,January
F00B1D4B47310B48,electric_bike,08-01-2025 11:09,08-01-2025 11:16,member,7.7313,Wednesday,January
2D3D84D05FC68E8D,classic_bike,26-01-2025 14:13,26-01-2025 14:16,member,2.509566667,Sunday,January
75E0229D381C821D,electric_bike,04-01-2025 11:07,04-01-2025 11:19,member,11.33003333,Saturday,January
76BDB88D7121B93C,electric_bike,31-01-2025 17:15,31-01-2025 17:25,member,10.6331,Friday,January
F5640E4A03E4FB04,classic_bike,16-01-2025 14:19,16-01-2025 14:20,member,1.786483333,Thursday,January
1C11968EEE2D7085,electric_bike,07-01-2025 15:21,07-01-2025 15:39,casual,17.80251667,Tuesday,January
0454ABEACF80378F,classic_bike,25-01-2025 16:41,25-01-2025 16:58,member,16.83181667,Saturday,January
78E0F659B8B3EC5E,classic_bike,25-01-2025 13:39,25-01-2025 13:53,member,14.16018333,Saturday,January
1C98D348275BF874,classic_bike,15-01-2025 11:17,15-01-2025 11:30,member,12.84176667,Wednesday,January
002CB9CEDD8342A6,electric_bike,27-01-2025 16:10,27-01-2025 16:19,member,8.93295,Monday,January
F912611789D97DED,classic_bike,09-01-2025 13:55,09-01-2025 14:05,member,9.8932,Thursday,January
0896E8D2B3701AD1,classic_bike,18-01-2025 16:40,18-01-2025 16:48,member,7.229366667,Saturday,January
1AB5C06A23C58E37,electric_bike,24-01-2025 08:41,24-01-2025 09:06,member,24.29528333,Friday,January
3BF9557E2BF41305,electric_bike,30-01-2025 08:53,30-01-2025 09:15,member,22.88223333,Thursday,January
DFC055174EA1F415,electric_bike,25-01-2025 18:37,25-01-2025 18:38,member,0.777916667,Saturday,January
1935647B54BD0B69,electric_bike,23-01-2025 19:08,23-01-2025 19:17,member,8.415116667,Thursday,January
80A5A07F28F983FF,electric_bike,10-01-2025 14:24,10-01-2025 14:33,member,9.113983333,Friday,January
C75660888A1F9852,electric_bike,27-01-2025 22:53,27-01-2025 23:09,member,15.24155,Monday,January
3958A1AB21000ECB,electric_bike,18-01-2025 11:54,18-01-2025 12:09,member,15.2438,Saturday,January
1F316A63A09E4D3F,electric_bike,17-01-2025 09:29,17-01-2025 09:41,member,11.21495,Friday,January
D35FE050D829CF8E,electric_bike,29-01-2025 14:09,29-01-2025 14:25,member,15.70566667,Wednesday,January
930809214A019F99,classic_bike,20-01-2025 17:58,20-01-2025 18:09,member,11.74823333,Monday,January
5C5D032F8E940CEA,classic_bike,03-01-2025 11:50,03-01-2025 12:31,member,41.2379,Friday,January
F064BA6F517095CC,classic_bike,29-01-2025 20:42,29-01-2025 20:52,member,9.707883333,Wednesday,January
9337E3FFF143D29A,classic_bike,26-01-2025 12:46,26-01-2025 13:03,casual,17.05463333,Sunday,January
F93D12D322DA2CF7,classic_bike,07-01-2025 18:01,07-01-2025 18:14,member,13.5364,Tuesday,January
6170F5EC53BBC12D,classic_bike,09-01-2025 17:49,09-01-2025 18:05,member,16.52905,Thursday,January
048A4B0C536A43DE,classic_bike,03-01-2025 17:24,03-01-2025 17:53,casual,29.39815,Friday,January
AA3C7DB987DDFBA5,classic_bike,11-01-2025 17:42,11-01-2025 17:50,casual,7.271583333,Saturday,January
2C9AD94D7298F6E9,classic_bike,25-01-2025 17:01,25-01-2025 17:14,casual,13.06736667,Saturday,January
5B456EDBDF963B1A,classic_bike,20-01-2025 10:51,20-01-2025 10:57,member,5.4365,Monday,January
2A015CA95FF675C6,classic_bike,14-01-2025 12:56,14-01-2025 13:15,member,18.79348333,Tuesday,January
F4B08631335C76EF,classic_bike,25-01-2025 10:59,25-01-2025 11:52,member,53.1027,Saturday,January
037F54EB01652DF6,electric_bike,29-01-2025 17:24,29-01-2025 17:30,member,6.299766667,Wednesday,January
AC1A5B0BBC4F7E60,electric_bike,06-01-2025 08:06,06-01-2025 08:08,member,2.169366667,Monday,January
EC231CB1451C530A,electric_bike,27-01-2025 08:33,27-01-2025 08:40,member,7.469416667,Monday,January
1C672D436ABEFEDF,electric_bike,16-01-2025 07:58,16-01-2025 08:08,member,9.9541,Thursday,January
B2F8B06950A3854C,classic_bike,12-01-2025 12:32,12-01-2025 12:36,member,3.093883333,Sunday,January
15171EFF795C92C3,electric_bike,19-01-2025 13:15,19-01-2025 13:24,member,8.473516667,Sunday,January
80244F486A9E310E,electric_bike,16-01-2025 14:42,16-01-2025 14:47,member,4.98385,Thursday,January
E6C0832A24312B8D,classic_bike,10-01-2025 16:17,10-01-2025 16:40,member,23.12388333,Friday,January
629D37A3A7C0A1A7,electric_bike,29-01-2025 09:14,29-01-2025 09:29,member,15.72253333,Wednesday,January
B04A62EC65E78AD0,classic_bike,05-01-2025 18:50,05-01-2025 18:57,member,6.304283333,Sunday,January
76FF2F5E32556F03,classic_bike,07-01-2025 06:02,07-01-2025 06:07,member,5.011066667,Tuesday,January
D38AACED81D2D72C,electric_bike,11-01-2025 15:28,11-01-2025 15:45,member,16.42596667,Saturday,January
BD30AC4762F4868C,electric_bike,02-01-2025 19:06,02-01-2025 19:11,member,5.326483333,Thursday,January
17C99610FE6AA190,classic_bike,31-01-2025 16:53,31-01-2025 17:06,member,13.78926667,Friday,January
B9AF115DB7C0A863,electric_bike,15-01-2025 17:50,15-01-2025 17:59,member,9.127583333,Wednesday,January
8AD3E517169DBD35,classic_bike,11-01-2025 14:58,11-01-2025 15:13,member,15.24915,Saturday,January
E91EFB5DBCC90671,classic_bike,19-01-2025 11:33,19-01-2025 12:04,member,30.85568333,Sunday,January
7A787D4E4EA15DAF,electric_bike,13-01-2025 15:18,13-01-2025 15:22,member,3.9389,Monday,January
CE21DC813D4328E6,classic_bike,18-01-2025 08:57,18-01-2025 09:05,member,7.43595,Saturday,January
F2307764892FE12E,classic_bike,18-01-2025 12:09,18-01-2025 12:13,member,3.88705,Saturday,January
E5FA4846655B8FE9,classic_bike,02-01-2025 18:29,02-01-2025 18:34,member,4.698966667,Thursday,January
14BDD34E801BBA36,electric_bike,29-01-2025 08:06,29-01-2025 08:10,member,4.279716667,Wednesday,January
C8B574ABA89E2150,classic_bike,29-01-2025 07:49,29-01-2025 07:53,member,3.436416667,Wednesday,January
E63380E62AAED9E2,electric_bike,13-01-2025 09:52,13-01-2025 10:03,member,10.33203333,Monday,January
0A0C91B3FA1D1EEB,electric_bike,17-01-2025 16:44,17-01-2025 16:52,member,7.676566667,Friday,January
67CB12EF46A117A7,classic_bike,31-01-2025 17:48,31-01-2025 17:51,member,2.997016667,Friday,January
7488678BC7401154,electric_bike,04-01-2025 14:33,04-01-2025 14:36,member,2.807616667,Saturday,January
C6E7F0DE74AF0106,electric_bike,07-01-2025 08:21,07-01-2025 08:28,member,6.361416667,Tuesday,January
FFD70097BFA3FCFF,electric_bike,04-01-2025 04:59,04-01-2025 05:01,member,2.218366667,Saturday,January
78BCE054BE5DC760,classic_bike,29-01-2025 13:27,29-01-2025 13:29,member,1.876216667,Wednesday,January
EDA31E93E195DCE5,classic_bike,15-01-2025 10:40,15-01-2025 10:54,member,13.73333333,Wednesday,January
EBD9256C043CCE56,classic_bike,05-01-2025 10:10,05-01-2025 10:24,member,14.113,Sunday,January
D9FBDB53FFAD0BFD,classic_bike,02-01-2025 09:22,02-01-2025 09:35,member,12.78858333,Thursday,January
1056AA9B77D78011,electric_bike,07-01-2025 07:25,07-01-2025 07:29,member,3.8473,Tuesday,January
F24BC15A84865D7E,electric_bike,18-01-2025 09:35,18-01-2025 09:39,member,4.6565,Saturday,January
4D929E64B7B53926,electric_bike,11-01-2025 11:43,11-01-2025 11:53,member,9.498633333,Saturday,January
5B64A523D6DADA4A,classic_bike,08-01-2025 08:12,08-01-2025 08:22,member,9.526783333,Wednesday,January
2CA33E8F64FCA141,classic_bike,31-01-2025 16:12,31-01-2025 16:21,member,9.083083333,Friday,January
C466769C4028FA19,classic_bike,31-01-2025 07:41,31-01-2025 07:50,member,8.560316667,Friday,January
A18101E762E88445,classic_bike,02-01-2025 07:59,02-01-2025 08:10,member,10.90848333,Thursday,January
835CA98808858A75,classic_bike,31-01-2025 15:59,31-01-2025 16:10,member,11.09553333,Friday,January
21B3B6CD36ECCFD1,electric_bike,27-01-2025 13:21,27-01-2025 13:37,member,16.17551667,Monday,January
5E3AE98672811017,electric_bike,09-01-2025 08:26,09-01-2025 08:31,member,5.663683333,Thursday,January
7663B7B41589EF5C,classic_bike,17-01-2025 13:31,17-01-2025 13:34,member,3.113883333,Friday,January
2CB6002B6FEB61A3,electric_bike,05-01-2025 18:39,05-01-2025 18:43,member,3.47635,Sunday,January
C32C8C6DECADCD2C,classic_bike,02-01-2025 14:13,02-01-2025 14:18,member,5.36115,Thursday,January
E1F60E4CEE8E9155,classic_bike,24-01-2025 12:39,24-01-2025 12:41,member,2.095333333,Friday,January
6D50E7DD82538E54,classic_bike,02-01-2025 16:54,02-01-2025 16:56,member,2.212883333,Thursday,January
2C643A372FC779C6,classic_bike,22-01-2025 09:16,22-01-2025 09:21,member,5.076366667,Wednesday,January
513A94C14C556D9B,classic_bike,07-01-2025 15:55,07-01-2025 16:06,member,10.80365,Tuesday,January
32D2686CD0EE2C5F,electric_bike,29-01-2025 06:44,29-01-2025 06:59,member,14.87611667,Wednesday,January
8AFC8A8E9FD9535F,electric_bike,10-01-2025 09:05,10-01-2025 09:13,member,7.207666667,Friday,January
84554F87EE87BC3D,electric_bike,02-01-2025 15:42,02-01-2025 16:04,member,21.23711667,Thursday,January
65081948393A607F,electric_bike,04-01-2025 07:49,04-01-2025 07:58,member,8.5515,Saturday,January
3F4F98666B6D307E,electric_bike,29-01-2025 18:25,29-01-2025 18:34,member,8.673433333,Wednesday,January
BEB26D3CDF26117C,electric_bike,14-01-2025 17:17,14-01-2025 17:25,member,8.215316667,Tuesday,January
F44F868DCDAAC93F,electric_bike,16-01-2025 06:26,16-01-2025 06:30,member,3.702283333,Thursday,January
6C79BBFFE654CCDC,classic_bike,21-01-2025 09:45,21-01-2025 09:49,member,3.411866667,Tuesday,January
143CE39C7F022853,electric_bike,16-01-2025 15:28,16-01-2025 15:39,member,11.29016667,Thursday,January
24CCC4217FCEF4B7,classic_bike,07-01-2025 15:35,07-01-2025 15:40,member,5.223783333,Tuesday,January
ADAE588B1EA1A15F,electric_bike,13-01-2025 19:42,13-01-2025 19:46,member,4.6007,Monday,January
1473C342CBFC0F4E,classic_bike,27-01-2025 20:55,27-01-2025 21:03,member,7.7698,Monday,January
B584297F6D66BA9A,classic_bike,08-01-2025 08:12,08-01-2025 08:21,member,9.284683333,Wednesday,January
5AE117DA32BD788F,classic_bike,06-01-2025 08:07,06-01-2025 08:17,member,9.583033333,Monday,January
1DD1D2A6AD060161,electric_bike,27-01-2025 17:31,27-01-2025 17:36,member,5.451816667,Monday,January
7E920792B07063CF,classic_bike,16-01-2025 17:38,16-01-2025 17:56,casual,17.99325,Thursday,January
EC7EE7B55C757CF2,classic_bike,27-01-2025 11:05,27-01-2025 11:11,casual,6.302716667,Monday,January
C464CFFD4A8F75A8,classic_bike,17-01-2025 17:03,17-01-2025 17:06,member,2.521433333,Friday,January
D8E5D414B11C995C,electric_bike,06-01-2025 06:45,06-01-2025 06:48,member,3.22355,Monday,January
F11E5F244FB8B9F7,electric_bike,15-01-2025 07:48,15-01-2025 07:53,casual,5.2235,Wednesday,January
545EC83003C4B3E8,electric_bike,05-01-2025 15:07,05-01-2025 15:14,member,6.712366667,Sunday,January
58E2ABE935CA13A3,classic_bike,24-01-2025 15:03,24-01-2025 15:30,member,27.44588333,Friday,January
C93D021DBBBA80D4,electric_bike,27-01-2025 17:41,27-01-2025 17:51,member,9.174583333,Monday,January
31C6D81ED001B296,classic_bike,27-01-2025 15:32,27-01-2025 15:34,member,2.074566667,Monday,January
9B79FEFA4EED463D,classic_bike,13-01-2025 15:23,13-01-2025 15:35,member,12.06708333,Monday,January
7C6FB66ED8EB8405,classic_bike,22-01-2025 09:20,22-01-2025 09:25,member,5.62155,Wednesday,January
6BD51743EAAD911C,classic_bike,07-01-2025 20:28,07-01-2025 20:44,member,16.35095,Tuesday,January
73DF8E080E8B16AF,classic_bike,27-01-2025 20:34,27-01-2025 20:51,member,16.49556667,Monday,January
39384D914C78072B,classic_bike,17-01-2025 19:04,17-01-2025 19:22,member,17.5748,Friday,January
CC4FAF8251314787,classic_bike,22-01-2025 22:17,22-01-2025 22:25,member,7.964166667,Wednesday,January
791A90380AB0E7FF,electric_bike,06-01-2025 14:01,06-01-2025 14:06,member,5.207466667,Monday,January
64AC8195982D7953,electric_bike,06-01-2025 06:19,06-01-2025 06:24,member,4.933433333,Monday,January
43EDECCA3277D607,electric_bike,27-01-2025 16:55,27-01-2025 16:59,member,4.414483333,Monday,January
FC1508CB1DD602F0,classic_bike,25-01-2025 21:27,25-01-2025 21:36,member,9.542133333,Saturday,January
BBE28B66F3829E78,electric_bike,10-01-2025 08:50,10-01-2025 09:01,member,11.09473333,Friday,January
313114AFE4FF969A,classic_bike,11-01-2025 18:38,11-01-2025 19:12,member,33.94225,Saturday,January
06F079F8E11CAA21,classic_bike,29-01-2025 12:47,29-01-2025 12:54,member,7.296966667,Wednesday,January
5B62B2F55A0CD689,classic_bike,29-01-2025 18:40,29-01-2025 18:52,member,11.64676667,Wednesday,January
5140EDE2AFFA7E33,electric_bike,28-01-2025 04:39,28-01-2025 04:45,casual,6.40325,Tuesday,January
A20FFA2C5B5C02F2,classic_bike,22-01-2025 06:26,22-01-2025 06:30,member,3.377416667,Wednesday,January
B2100717855DBF6B,classic_bike,29-01-2025 13:44,29-01-2025 13:55,member,11.55463333,Wednesday,January
72453167A12913A9,classic_bike,18-01-2025 11:02,18-01-2025 11:10,member,7.457383333,Saturday,January
2BBBA51BAFA273CE,classic_bike,06-01-2025 17:55,06-01-2025 17:59,member,3.999966667,Monday,January
65E77AA6763D2D07,electric_bike,06-01-2025 12:10,06-01-2025 12:14,member,3.49345,Monday,January
4F5045A279006012,classic_bike,11-01-2025 11:05,11-01-2025 11:16,member,10.11556667,Saturday,January
0DFD5B0298309A72,classic_bike,17-01-2025 18:20,17-01-2025 18:28,member,8.156283333,Friday,January
BADD32BC1EB4D9B9,classic_bike,15-01-2025 18:10,15-01-2025 18:19,member,8.512566667,Wednesday,January
ABA88026705F07AF,electric_bike,17-01-2025 10:44,17-01-2025 10:47,member,2.417016667,Friday,January
4A1B4272A07B32AE,electric_bike,24-01-2025 17:11,24-01-2025 17:18,member,6.361583333,Friday,January
989F1D960B77715F,electric_bike,24-01-2025 13:49,24-01-2025 13:54,member,5.2751,Friday,January
17797DD38A13EE71,classic_bike,28-01-2025 13:41,28-01-2025 14:24,member,43.25131667,Tuesday,January
269F4097D85F6840,electric_bike,03-01-2025 21:20,03-01-2025 21:42,member,22.27303333,Friday,January
546AC8C411A05D5A,classic_bike,03-01-2025 14:12,03-01-2025 14:23,casual,11.34056667,Friday,January
076FD8CBD308F577,classic_bike,12-01-2025 21:08,12-01-2025 21:25,member,17.55568333,Sunday,January
340747AEE678AFD0,classic_bike,08-01-2025 08:47,08-01-2025 08:56,member,9.2438,Wednesday,January
261B9DF6B2D19A41,electric_bike,23-01-2025 08:52,23-01-2025 08:59,member,7.399416667,Thursday,January
568DA708875A4CD5,classic_bike,25-01-2025 16:17,25-01-2025 16:38,member,21.35363333,Saturday,January
1F32AB1C8740922E,classic_bike,28-01-2025 08:43,28-01-2025 08:58,member,14.76575,Tuesday,January
E5491E98C00D615D,classic_bike,29-01-2025 07:33,29-01-2025 07:37,member,3.760133333,Wednesday,January
DFA7D6AFA305012E,electric_bike,02-01-2025 07:36,02-01-2025 07:39,member,2.74695,Thursday,January
FDA023F9DE70E29B,classic_bike,18-01-2025 09:01,18-01-2025 09:08,member,6.874866667,Saturday,January
2B806B32516E845D,classic_bike,21-01-2025 13:09,21-01-2025 13:17,member,7.906166667,Tuesday,January
924C635904A7C519,classic_bike,18-01-2025 12:32,18-01-2025 12:35,member,3.108266667,Saturday,January
22A4534978B24067,electric_bike,17-01-2025 05:57,17-01-2025 06:10,member,12.89653333,Friday,January
C85B8F18E99D5079,classic_bike,30-01-2025 16:55,30-01-2025 16:59,member,4.356633333,Thursday,January
56020182E920AAE9,electric_bike,08-01-2025 08:21,08-01-2025 08:24,member,3.500716667,Wednesday,January
8D12402FD4E14272,electric_bike,15-01-2025 08:32,15-01-2025 08:35,member,2.9171,Wednesday,January
A73C11DCBC19B100,classic_bike,12-01-2025 09:51,12-01-2025 09:55,member,3.836033333,Sunday,January
01F8943221128396,classic_bike,31-01-2025 07:55,31-01-2025 08:00,member,4.8081,Friday,January
2F28C591FBA8CC92,classic_bike,20-01-2025 09:39,20-01-2025 09:42,member,3.731633333,Monday,January
7B1E5C125BADA4B8,classic_bike,26-01-2025 11:13,26-01-2025 11:31,member,17.78608333,Sunday,January
4B4A8946ABAE4DFE,classic_bike,27-01-2025 15:33,27-01-2025 15:35,member,1.954183333,Monday,January
BC4EAD6E2761CE12,classic_bike,08-01-2025 08:06,08-01-2025 08:08,member,2.876466667,Wednesday,January
D585DAF262D066A9,electric_bike,02-01-2025 14:47,02-01-2025 14:57,member,10.24518333,Thursday,January
04A98D5BF623D73B,electric_bike,20-01-2025 23:25,20-01-2025 23:33,member,8.7359,Monday,January
6ECC47F7E3C3B38C,electric_bike,24-01-2025 13:30,24-01-2025 13:39,member,9.3227,Friday,January
4E2EDE3D13D16570,electric_bike,28-01-2025 19:19,28-01-2025 19:24,member,5.283733333,Tuesday,January
C73FAAD9B9E97B0A,electric_bike,14-01-2025 17:13,14-01-2025 17:21,member,7.713583333,Tuesday,January
D1B41B46C09A3DC1,electric_bike,16-01-2025 16:24,16-01-2025 16:32,member,8.234483333,Thursday,January
6FF797B7C07F4C90,electric_bike,31-01-2025 15:46,31-01-2025 16:11,member,24.27998333,Friday,January
9879001AED52187F,electric_bike,05-01-2025 19:28,05-01-2025 19:35,member,7.19425,Sunday,January
97B11455452EF45E,classic_bike,24-01-2025 19:25,24-01-2025 19:53,member,27.31056667,Friday,January
1F577D06685EF268,electric_bike,29-01-2025 17:10,29-01-2025 17:15,member,5.1787,Wednesday,January
F3DA85ABA00A9490,classic_bike,11-01-2025 07:33,11-01-2025 07:44,member,10.81435,Saturday,January
1FA2BDA0906B82C7,electric_bike,22-01-2025 16:26,22-01-2025 16:33,member,6.384533333,Wednesday,January
B2D69DDA6F630C52,electric_bike,24-01-2025 14:44,24-01-2025 14:54,member,10.00246667,Friday,January
C2ED42AE0A3FE4B6,electric_bike,30-01-2025 16:06,30-01-2025 16:15,member,9.84585,Thursday,January
AA77EA626DD9765F,classic_bike,30-01-2025 13:47,30-01-2025 13:54,member,6.874933333,Thursday,January
9BAE0EF7FE13A3DF,electric_bike,12-01-2025 03:28,12-01-2025 03:36,member,8.93535,Sunday,January
5A87D4A2FD77C2AD,classic_bike,04-01-2025 16:03,04-01-2025 16:10,casual,6.81,Saturday,January
FB1743337FEF326C,electric_bike,25-01-2025 10:41,25-01-2025 10:50,member,9.1988,Saturday,January
5CF8474C32FE0781,electric_bike,13-01-2025 16:43,13-01-2025 16:54,member,11.162,Monday,January
30B09228F1FADF7C,electric_bike,23-01-2025 12:26,23-01-2025 12:32,member,6.8889,Thursday,January
33AA0FD5435FA4E4,classic_bike,31-01-2025 00:54,31-01-2025 01:06,member,12.43546667,Friday,January
AE2737F8486F44F1,electric_bike,01-01-2025 09:01,01-01-2025 09:03,member,2.115333333,Wednesday,January
83601C2B45FC7DE0,electric_bike,26-01-2025 03:04,26-01-2025 03:09,member,4.882016667,Sunday,January
E2FC15C00E3B364F,classic_bike,25-01-2025 12:53,25-01-2025 13:39,member,45.39798333,Saturday,January
5E593EEF1F3041CD,classic_bike,08-01-2025 09:21,08-01-2025 09:39,member,18.0837,Wednesday,January
B706ABF6E8E9A657,electric_bike,09-01-2025 12:57,09-01-2025 13:06,member,9.373216667,Thursday,January
AD2F5CF089B2F921,classic_bike,17-01-2025 16:52,17-01-2025 17:02,member,9.882633333,Friday,January
9332164063856C1B,electric_bike,24-01-2025 18:06,24-01-2025 18:10,member,4.419166667,Friday,January
3F9E2A08020030BA,electric_bike,05-01-2025 17:02,05-01-2025 17:05,member,3.1279,Sunday,January
5B9C15E3EC79F00C,classic_bike,29-01-2025 06:57,29-01-2025 07:01,member,3.741783333,Wednesday,January
21ADBFFFDCA54C05,classic_bike,30-01-2025 06:58,30-01-2025 07:01,member,3.261966667,Thursday,January
0B27865AB09C6E56,classic_bike,28-01-2025 06:57,28-01-2025 07:01,member,3.735616667,Tuesday,January
84622E10D81E87A8,electric_bike,16-01-2025 08:26,16-01-2025 08:39,member,13.67021667,Thursday,January
A3DCFD965C7A380A,classic_bike,24-01-2025 16:45,24-01-2025 16:49,member,3.560883333,Friday,January
7BB00F9FD1D8CA89,classic_bike,29-01-2025 15:15,29-01-2025 15:25,member,9.788183333,Wednesday,January
7FB785AAD54E1946,classic_bike,18-01-2025 11:28,18-01-2025 11:34,member,5.46665,Saturday,January
8B9AD6EF2201F234,electric_bike,19-01-2025 10:05,19-01-2025 10:05,member,0.093483333,Sunday,January
0E551F03B4766060,electric_bike,27-01-2025 16:56,27-01-2025 17:05,member,8.401883333,Monday,January
57152DBBE3F98A99,classic_bike,21-01-2025 16:54,21-01-2025 17:08,member,14.34858333,Tuesday,January
6600887DA787A2CB,classic_bike,14-01-2025 08:02,14-01-2025 08:09,member,6.8033,Tuesday,January
7921C84F44A34181,classic_bike,27-01-2025 07:53,27-01-2025 07:58,member,5.1601,Monday,January
67A0773D0A3432BF,electric_bike,16-01-2025 18:44,16-01-2025 18:56,member,12.08665,Thursday,January
3055ABF31FBB6A46,electric_bike,13-01-2025 17:09,13-01-2025 17:11,member,2.379816667,Monday,January
7610F33B0D1B936B,electric_bike,09-01-2025 07:57,09-01-2025 08:02,member,5.955416667,Thursday,January
C5DBA15E6EA89590,electric_bike,23-01-2025 13:41,23-01-2025 13:46,member,5.187116667,Thursday,January
BE5642142224B1F9,classic_bike,03-01-2025 17:20,03-01-2025 17:24,member,4.5481,Friday,January
058F686BF1D57519,electric_bike,30-01-2025 16:03,30-01-2025 16:04,member,1.191983333,Thursday,January
6111F1AFEE76971B,classic_bike,30-01-2025 10:08,30-01-2025 10:11,member,3.397266667,Thursday,January
B31EF1200DF977BE,electric_bike,06-01-2025 08:19,06-01-2025 08:25,member,6.591666667,Monday,January
FA5107B3E189F8F2,electric_bike,08-01-2025 19:17,08-01-2025 19:20,member,3.30765,Wednesday,January
5FC3BD5881211D10,electric_bike,09-01-2025 15:49,09-01-2025 16:04,member,14.73188333,Thursday,January
DAE77EF626D21775,classic_bike,11-01-2025 15:08,11-01-2025 15:17,member,8.56595,Saturday,January
FE3BE03590451609,classic_bike,09-01-2025 08:40,09-01-2025 09:02,member,22.2187,Thursday,January
47D466E9A23C6DEB,classic_bike,15-01-2025 21:43,15-01-2025 21:44,member,1.611666667,Wednesday,January
ACAD514F03DA467F,electric_bike,27-01-2025 09:25,27-01-2025 09:28,member,2.85805,Monday,January
8DEB99E1F9076DBA,classic_bike,08-01-2025 18:14,08-01-2025 18:31,member,16.8099,Wednesday,January
B3FB981F5A032289,classic_bike,03-01-2025 07:14,03-01-2025 07:58,member,43.82671667,Friday,January
2A93DA8065E1B94A,electric_bike,10-01-2025 19:51,10-01-2025 19:56,member,4.821483333,Friday,January
D96FC4B156315937,classic_bike,15-01-2025 19:41,15-01-2025 19:59,member,17.56901667,Wednesday,January
92ADB5FEB6F246BE,classic_bike,07-01-2025 19:14,07-01-2025 19:32,member,17.45505,Tuesday,January
E191F351D1D4613E,electric_bike,03-01-2025 18:19,03-01-2025 18:23,member,3.64095,Friday,January
58309D326F6C4B25,electric_bike,18-01-2025 16:17,18-01-2025 16:21,member,3.891183333,Saturday,January
0A8F64AD1DF2B58F,electric_bike,01-01-2025 13:42,01-01-2025 13:46,member,3.539916667,Wednesday,January
8CC4FFFC2F00A1C9,electric_bike,27-01-2025 20:21,27-01-2025 20:23,member,2.67065,Monday,January
33F1D1FE6F1B9A15,electric_bike,31-01-2025 19:47,31-01-2025 19:51,member,4.071866667,Friday,January
28D9D8A4A6BBD7BC,electric_bike,15-01-2025 18:48,15-01-2025 18:49,member,1.067066667,Wednesday,January
0C300E90601A6F83,electric_bike,31-01-2025 22:40,31-01-2025 22:48,member,7.944816667,Friday,January
FFD3DD5B6996AF40,electric_bike,26-01-2025 13:20,26-01-2025 13:39,member,18.64095,Sunday,January
C65C884EA6F28FF1,electric_bike,04-01-2025 17:00,04-01-2025 17:10,member,10.19961667,Saturday,January
988732951FC15FAB,electric_bike,03-01-2025 15:28,03-01-2025 15:31,member,3.0084,Friday,January
1207A088BB731CBC,electric_bike,08-01-2025 09:31,08-01-2025 09:34,member,3.303483333,Wednesday,January
955D9EF91940029C,electric_bike,14-01-2025 09:16,14-01-2025 09:22,member,6.0691,Tuesday,January
7BB3AF28035B0F17,electric_bike,12-01-2025 23:48,12-01-2025 23:58,member,10.63016667,Sunday,January
E00BD2A300764D46,electric_bike,02-01-2025 18:35,02-01-2025 18:40,member,5.0782,Thursday,January
F55CDC0FB91CB4C3,classic_bike,16-01-2025 18:46,16-01-2025 18:50,casual,4.7476,Thursday,January
B2F028B8A2FACC1C,classic_bike,17-01-2025 12:12,17-01-2025 12:39,casual,26.559,Friday,January
CBC983BB44F0F360,electric_bike,27-01-2025 06:21,27-01-2025 06:34,member,13.72083333,Monday,January
